﻿<?xml version="1.0" encoding="utf-8"?>
<ImportExportXml xmlns:xsi="http://www.w3.org/2001/XMLSchema-instance">
  <Entities>
    <Entity>
      <Name LocalizedName="Guest" OriginalName="Guest">msmedia_Guest</Name>
      <FormXml>
        <forms type="main">
          <systemform>
            <formid>{68c69a49-11fd-ea11-a815-000d3a33f58e}</formid>
            <IntroducedVersion>1.0.3.2</IntroducedVersion>
            <FormPresentation>1</FormPresentation>
            <FormActivationState>1</FormActivationState>
            <form headerdensity="HighWithControls">
              <tabs>
                <tab verticallayout="true" id="{9a263a7d-0aa8-46d7-9771-10ee2c9628a5}" IsUserDefined="1" name="GeneralTab" locklevel="0" expanded="true" showlabel="false" labelid="{4ee98ca1-d857-4c7e-8bd0-1013603ade77}">
                  <labels>
                    <label description="Event Registration Information" languagecode="1033" />
                  </labels>
                  <columns>
                    <column width="100%">
                      <sections>
                        <section showlabel="true" showbar="true" IsUserDefined="0" id="{5012e43b-5df2-43a6-87ac-61a98ebab2f5}" columns="11" name="GeneralSection" locklevel="0" labelwidth="130" celllabelalignment="Left" celllabelposition="Left" labelid="{e870c855-ef1f-4589-bf46-c9c6e33e5fed}">
                          <labels>
                            <label description="Contact Information" languagecode="1033" />
                          </labels>
                          <rows>
                            <row>
                              <cell id="{b77b3665-683b-42e1-b430-aa4965e4dbba}" showlabel="true" locklevel="0" labelid="{e74d30ae-b5b2-436f-badb-753a93870372}">
                                <labels>
                                  <label description="First Name" languagecode="1033" />
                                </labels>
                                <control id="msmedia_firstname" classid="{4273EDBD-AC1D-40D3-9FB2-095C621B552D}" datafieldname="msmedia_firstname" disabled="false" uniqueid="{9350d55c-ceab-b6da-787a-7c4a9451e3e4}" />
                              </cell>
                              <cell id="{2c7271cc-0b9e-4487-936f-31ea1f0c6df6}" showlabel="true" locklevel="0" labelid="{7a0120ec-d6f3-4e3f-a5e5-04a000a19f91}">
                                <labels>
                                  <label description="Last Name" languagecode="1033" />
                                </labels>
                                <control id="msmedia_lastname" classid="{4273EDBD-AC1D-40D3-9FB2-095C621B552D}" datafieldname="msmedia_lastname" disabled="false" />
                              </cell>
                            </row>
                            <row>
                              <cell id="{ce63ceac-4775-edea-826e-2d5c121094a8}" showlabel="true" locklevel="0" labelid="{5f888f90-6b2c-4609-b9bc-5b02bec9e8d1}" colspan="2">
                                <labels>
                                  <label description="Email Address" languagecode="1033" />
                                </labels>
                                <control id="msmedia_emailaddress" classid="{ADA2203E-B4CD-49be-9DDF-234642B43B52}" datafieldname="msmedia_emailaddress" disabled="false" uniqueid="{b75117dd-e0cb-e69b-9031-d43ac9dd7c72}" />
                              </cell>
                            </row>
                            <row>
                              <cell id="{65c0c461-30fd-42ae-b3c0-7581c73d469d}" showlabel="true" locklevel="0" labelid="{60300428-bf1e-42f5-a3a6-5414ed6e1d04}">
                                <labels>
                                  <label description="Birth Date" languagecode="1033" />
                                </labels>
                                <control id="msmedia_birthdate" classid="{5B773807-9FB2-42DB-97C3-7A91EFF8ADFF}" datafieldname="msmedia_birthdate" disabled="false" uniqueid="{89378936-8803-01c5-636d-0e621152ac02}" />
                              </cell>
                              <cell id="{15bb3e90-ca2d-d406-50b9-528abb639558}" showlabel="true" locklevel="0" labelid="{3c82d4e7-cc0c-4f9b-8170-1450a525764e}" colspan="1">
                                <labels>
                                  <label description="Telephone" languagecode="1033" />
                                </labels>
                                <control id="msmedia_telephone" classid="{4273EDBD-AC1D-40d3-9FB2-095C621B552D}" datafieldname="msmedia_telephone" disabled="false" uniqueid="{e597dbe6-6806-acd3-7bca-756db0886db1}" />
                              </cell>
                            </row>
                          </rows>
                        </section>
                        <section name="GeneralTab_section_4" showlabel="true" showbar="true" locklevel="0" id="{963c8305-ad80-24e8-265c-b95ecb52b0a2}" IsUserDefined="0" layout="varwidth" columns="11" labelwidth="115" celllabelalignment="Left" celllabelposition="Left">
                          <labels>
                            <label description="Personal information" languagecode="1033" />
                          </labels>
                          <rows>
                            <row>
                              <cell id="{72c605f5-27f1-4aac-95e3-93050eb63ad2}" showlabel="true" locklevel="0" labelid="{da30a37b-4994-4d71-a34e-c08c23e09f04}">
                                <labels>
                                  <label description="Gender Identity" languagecode="1033" />
                                </labels>
                                <control id="msmedia_genderidentity" classid="{3EF39988-22BB-4F0B-BBBE-64B5A3748AEE}" datafieldname="msmedia_genderidentity" disabled="false" />
                              </cell>
                              <cell id="{ffa91497-512c-49c4-92b0-169284913c9d}" showlabel="true" locklevel="0" labelid="{8ad1499a-46d2-4110-82d1-b8767fbad513}">
                                <labels>
                                  <label description="Pronoun" languagecode="1033" />
                                </labels>
                                <control id="msmedia_pronoun" classid="{3EF39988-22BB-4F0B-BBBE-64B5A3748AEE}" datafieldname="msmedia_pronoun" disabled="false" />
                              </cell>
                            </row>
                            <row>
                              <cell id="{95a5ced0-6a42-4461-8c35-1a87463a2c01}" showlabel="true" locklevel="0" labelid="{25bc9942-6e6c-4cc3-9a3b-9d006ad07790}" colspan="2">
                                <labels>
                                  <label description="Job Title" languagecode="1033" />
                                </labels>
                                <control id="msmedia_jobtitle" classid="{4273EDBD-AC1D-40D3-9FB2-095C621B552D}" datafieldname="msmedia_jobtitle" disabled="false" uniqueid="{87680598-343a-56cb-3c6b-30c585be5862}" />
                              </cell>
                            </row>
                            <row>
                              <cell id="{79923e6c-4483-44f9-83b6-281ea772fb94}" showlabel="true" locklevel="0" labelid="{e0dd950b-1e09-4af6-a02c-57685713e64e}" colspan="2">
                                <labels>
                                  <label description="Company Name" languagecode="1033" />
                                </labels>
                                <control id="msmedia_company_name" classid="{4273EDBD-AC1D-40D3-9FB2-095C621B552D}" datafieldname="msmedia_company_name" disabled="false" uniqueid="{1821a28b-1b29-d77b-9183-7b16589c1448}" />
                              </cell>
                            </row>
                            <row>
                              <cell id="{bf510eb8-3828-4916-b7a8-709af6e43085}" showlabel="true" locklevel="0" labelid="{fe25eb40-9f20-417e-bbd0-534b8021d7a9}">
                                <labels>
                                  <label description="City" languagecode="1033" />
                                </labels>
                                <control id="msmedia_city" classid="{4273EDBD-AC1D-40D3-9FB2-095C621B552D}" datafieldname="msmedia_city" disabled="false" />
                              </cell>
                              <cell id="{e80eff6b-e460-437d-acf4-a828559a9944}" showlabel="true" locklevel="0" labelid="{06ee5ea5-38ab-461c-b543-a1b28ac58f86}">
                                <labels>
                                  <label description="State" languagecode="1033" />
                                </labels>
                                <control id="msmedia_state" classid="{4273EDBD-AC1D-40D3-9FB2-095C621B552D}" datafieldname="msmedia_state" disabled="false" />
                              </cell>
                            </row>
                            <row>
                              <cell id="{3f95566e-5bf6-4840-871a-99f763c08032}" showlabel="true" locklevel="0" labelid="{ea7a85dd-2f95-446d-8b10-98555aba822d}" colspan="2">
                                <labels>
                                  <label description="Country" languagecode="1033" />
                                </labels>
                                <control id="msmedia_country" classid="{4273EDBD-AC1D-40D3-9FB2-095C621B552D}" datafieldname="msmedia_country" disabled="false" uniqueid="{b7e26e3e-7b62-76ed-6251-4227ba57981a}" />
                              </cell>
                            </row>
                            <row>
                              <cell id="{9b84b49b-5b5c-49fd-bed7-681a3ba9f01d}" locklevel="0" labelid="{c792e208-b109-4c10-a331-f09a3f94d05e}" rowspan="2" showlabel="true" colspan="2">
                                <labels>
                                  <label description="Special Requests/Dietary Requirements/Important Information We Should Know" languagecode="1033" />
                                </labels>
                                <control id="msmedia_specialrequirements" classid="{E0DECE4B-6FC8-4A8F-A065-082708572369}" datafieldname="msmedia_specialrequirements" disabled="false" uniqueid="{36aa9724-81b9-e26b-3ee9-46b60cb9a6bd}" />
                              </cell>
                            </row>
                            <row />
                            <row>
                              <cell id="{719dddd0-8d59-4952-a1b3-10dd7af429e3}" showlabel="true" locklevel="0" visible="true" labelid="{f98213fd-4c6c-43b3-a2a5-7f5c2fe240e7}">
                                <labels>
                                  <label description="Display Name" languagecode="1033" />
                                </labels>
                                <control id="msmedia_displayname" classid="{4273EDBD-AC1D-40D3-9FB2-095C621B552D}" datafieldname="msmedia_displayname" disabled="false" uniqueid="{0c1ab444-b135-91d3-12e0-29eb6294346c}" />
                              </cell>
                              <cell id="{f2cca802-b517-4438-afa0-c76335dc5a28}" showlabel="true" locklevel="0" labelid="{aff72ab1-9d50-4194-b59d-865f72fb950b}">
                                <labels>
                                  <label description="Contact" languagecode="1033" />
                                </labels>
                                <control id="msmedia_contact" classid="{270BD3DB-D9AF-4782-9025-509E298DEC0A}" datafieldname="msmedia_contact" disabled="false" />
                              </cell>
                            </row>
                            <row>
                              <cell id="{d9571cee-2404-4732-8d57-bd94d2ff54a8}" labelid="{80afbb69-4ee7-4a80-8d16-27bb4dc07936}" showlabel="true" locklevel="0">
                                <labels>
                                  <label description="Name" languagecode="1033" />
                                </labels>
                                <control id="msmedia_name" classid="{4273EDBD-AC1D-40d3-9FB2-095C621B552D}" datafieldname="msmedia_name" uniqueid="{9497c666-9399-b144-3c77-8065d91e2b02}" disabled="false" />
                              </cell>
                              <cell id="{e0d304e3-3905-1c78-72a9-00e45339e79a}" showlabel="true" locklevel="0">
                                <labels>
                                  <label description="Last Registered Event" languagecode="1033" />
                                </labels>
                                <control id="msmedia_lastregisteredevent" classid="{270BD3DB-D9AF-4782-9025-509E298DEC0A}" datafieldname="msmedia_lastregisteredevent" disabled="false" uniqueid="{e8ed8ede-7a6c-e46a-74d0-49489b576a42}" />
                              </cell>
                            </row>
                          </rows>
                        </section>
                        <section name="sec_ContactMethods" id="01c8b0e8-6e09-45c2-a71e-24a90873c5de" IsUserDefined="0" locklevel="0" showlabel="true" showbar="false" layout="varwidth" celllabelalignment="Left" celllabelposition="Left" columns="1111" labelwidth="115" labelid="{501c10b5-a6a5-4f06-8d33-d024c11b5677}">
                          <labels>
                            <label description="How may we contact you?" languagecode="1033" />
                          </labels>
                          <rows>
                            <row>
                              <cell id="{c24dd4e1-9195-8782-4699-c870c2b66d36}" showlabel="true" locklevel="0">
                                <labels>
                                  <label description="Email" languagecode="1033" />
                                </labels>
                                <control id="msmedia_oktosendemail" classid="{67FAC785-CD58-4f9f-ABB3-4B7DDC6ED5ED}" datafieldname="msmedia_oktosendemail" disabled="false" uniqueid="{9b037961-dd52-2966-6a73-9e10dd1c1773}" />
                              </cell>
                              <cell id="{817455b1-2aae-5665-5c73-bd040b30a6ed}" showlabel="true" locklevel="0">
                                <labels>
                                  <label description="Call" languagecode="1033" />
                                </labels>
                                <control id="msmedia_oktocall" classid="{67FAC785-CD58-4f9f-ABB3-4B7DDC6ED5ED}" datafieldname="msmedia_oktocall" disabled="false" uniqueid="{6b628637-1b38-1e2e-7404-932eb433735a}" />
                              </cell>
                              <cell id="{b7531184-db41-bce2-1611-7d66170c727c}" showlabel="true" locklevel="0">
                                <labels>
                                  <label description="Mail" languagecode="1033" />
                                </labels>
                                <control id="msmedia_oktomail" classid="{67FAC785-CD58-4f9f-ABB3-4B7DDC6ED5ED}" datafieldname="msmedia_oktomail" disabled="false" uniqueid="{78267e9d-8461-be30-4552-c19cb41c32b0}" />
                              </cell>
                              <cell id="{d707cbcd-a63c-60da-468c-53b661b9b132}" showlabel="true" locklevel="0">
                                <labels>
                                  <label description="Fax" languagecode="1033" />
                                </labels>
                                <control id="msmedia_oktofax" classid="{67FAC785-CD58-4f9f-ABB3-4B7DDC6ED5ED}" datafieldname="msmedia_oktofax" disabled="false" uniqueid="{48370898-14c6-887d-16b9-52078bd25730}" />
                              </cell>
                            </row>
                          </rows>
                        </section>
                        <section name="sec_AdditionalDetails" id="ec46a660-6847-4d9d-9f20-990b1c2aec1f" IsUserDefined="0" locklevel="0" showlabel="true" showbar="false" layout="varwidth" celllabelalignment="Left" celllabelposition="Left" columns="11" labelwidth="115" visible="false" labelid="{cbffef89-0ff9-4e8e-9954-3a9dd7cd2d2d}">
                          <labels>
                            <label description="Additional Details" languagecode="1033" />
                          </labels>
                          <rows>
                            <row>
                              <cell id="{32244a7e-b729-1881-4370-adc91328dca1}" showlabel="false">
                                <labels>
                                  <label description="" languagecode="1033" />
                                </labels>
                              </cell>
                              <cell id="{17ee1889-1a91-16e3-2957-103dad88b63e}" showlabel="true" locklevel="0">
                                <labels>
                                  <label description="Owner" languagecode="1033" />
                                </labels>
                                <control id="ownerid" classid="{270BD3DB-D9AF-4782-9025-509E298DEC0A}" datafieldname="ownerid" disabled="false" />
                              </cell>
                            </row>
                          </rows>
                        </section>
                      </sections>
                    </column>
                  </columns>
                </tab>
              </tabs>
              <header id="{2d514974-3026-4bac-9a2d-201ff0cc689f}" columns="111">
                <rows>
                  <row>
                    <cell id="{2d332a8a-db8d-b856-7110-8772ec650b86}" showlabel="false">
                      <labels>
                        <label description="" languagecode="1033" />
                      </labels>
                    </cell>
                    <cell id="{99147486-6cdc-4795-9dc9-328417edf28a}" labelid="{37e4fa91-26b2-41a9-8a17-b2f64dfccbd8}" showlabel="false">
                      <labels>
                        <label description="" languagecode="1033" />
                      </labels>
                    </cell>
                    <cell id="{9ac481eb-b1ab-dbec-b171-1e1332ce6663}" showlabel="false">
                      <labels>
                        <label description="" languagecode="1033" />
                      </labels>
                    </cell>
                  </row>
                </rows>
              </header>
              <Navigation>
                <NavBar></NavBar>
                <NavBarAreas>
                  <NavBarArea Id="Info">
                    <Titles>
                      <Title LCID="1033" Text="Common" />
                    </Titles>
                  </NavBarArea>
                  <NavBarArea Id="Sales">
                    <Titles>
                      <Title LCID="1033" Text="Sales" />
                    </Titles>
                  </NavBarArea>
                  <NavBarArea Id="Service">
                    <Titles>
                      <Title LCID="1033" Text="Service" />
                    </Titles>
                  </NavBarArea>
                  <NavBarArea Id="Marketing">
                    <Titles>
                      <Title LCID="1033" Text="Marketing" />
                    </Titles>
                  </NavBarArea>
                  <NavBarArea Id="ProcessCenter">
                    <Titles>
                      <Title LCID="1033" Text="Process Sessions" />
                    </Titles>
                  </NavBarArea>
                </NavBarAreas>
              </Navigation>
              <controlDescriptions />
              <footer id="{1426c36b-e052-4311-bd46-3633ab57dd57}" celllabelposition="Top" columns="111" labelwidth="115" celllabelalignment="Left">
                <rows>
                  <row>
                    <cell id="{2119b050-de8c-477c-ae05-9c3c7dd5560f}" showlabel="false">
                      <labels>
                        <label description="" languagecode="1033" />
                      </labels>
                    </cell>
                    <cell id="{c85b7c3b-351d-400a-8212-299622574b8a}" showlabel="false">
                      <labels>
                        <label description="" languagecode="1033" />
                      </labels>
                    </cell>
                    <cell id="{7e8f3efa-5ae1-4f2d-8644-66dc1dcf4b4c}" showlabel="false">
                      <labels>
                        <label description="" languagecode="1033" />
                      </labels>
                    </cell>
                  </row>
                </rows>
              </footer>
              <DisplayConditions Order="1" FallbackForm="true">
                <Role Id="{627090ff-40a3-4053-8790-584edc5be201}" />
                <Role Id="{119f245c-3cc8-4b62-b31c-d1a046ced15d}" />
              </DisplayConditions>
            </form>
            <IsCustomizable>1</IsCustomizable>
            <CanBeDeleted>1</CanBeDeleted>
            <LocalizedNames>
              <LocalizedName description="Portal Event Registration" languagecode="1033" />
            </LocalizedNames>
            <Descriptions>
              <Description description="A form used for Portal Event Registration" languagecode="1033" />
            </Descriptions>
          </systemform>
        </forms>
      </FormXml>
      <SavedQueries>
        <savedqueries>
          <savedquery>
            <IsCustomizable>1</IsCustomizable>
            <CanBeDeleted>1</CanBeDeleted>
            <isquickfindquery>0</isquickfindquery>
            <isprivate>0</isprivate>
            <isdefault>1</isdefault>
            <savedqueryid>{b639051b-79b8-ea11-a812-000d3a33f58e}</savedqueryid>
            <layoutxml>
              <grid name="resultset" jump="msmedia_name" select="1" icon="1" preview="1">
                <row name="result" id="msmedia_guestid">
                  <cell name="msmedia_firstname" width="100" />
                  <cell name="msmedia_lastname" width="100" />
                  <cell name="msmedia_emailaddress" width="127" />
                  <cell name="msmedia_telephone" width="113" />
                  <cell name="msmedia_birthdate" width="100" />
                  <cell name="msmedia_genderidentity" width="100" />
                  <cell name="msmedia_company_name" width="128" />
                  <cell name="msmedia_jobtitle" width="82" />
                  <cell name="msmedia_pronoun" width="100" />
                  <cell name="msmedia_country" width="74" />
                  <cell name="msmedia_city" width="53" />
                  <cell name="msmedia_state" width="65" />
                  <cell name="msmedia_specialrequirements" width="162" />
                  <cell name="msmedia_oktosendemail" width="105" />
                  <cell name="msmedia_oktofax" width="100" />
                  <cell name="msmedia_oktocall" width="100" />
                  <cell name="msmedia_oktomail" width="100" />
                  <cell name="msmedia_name" width="100" />
                  <cell name="msmedia_lastregisteredevent" width="171" />
                  <cell name="msmedia_contact" width="139" />
                  <cell name="createdon" width="159" />
                  <cell name="modifiedon" width="136" />
                  <cell name="msmedia_origin" width="100" />
                  <cell name="msmedia_displayname" width="100" />
                </row>
              </grid>
            </layoutxml>
            <querytype>0</querytype>
            <fetchxml>
              <fetch version="1.0" output-format="xml-platform" mapping="logical">
                <entity name="msmedia_guest">
                  <attribute name="msmedia_guestid" />
                  <attribute name="msmedia_emailaddress" />
                  <attribute name="msmedia_telephone" />
                  <attribute name="msmedia_specialrequirements" />
                  <attribute name="msmedia_oktosendemail" />
                  <attribute name="msmedia_birthdate" />
                  <attribute name="msmedia_city" />
                  <attribute name="msmedia_country" />
                  <attribute name="msmedia_firstname" />
                  <attribute name="msmedia_lastname" />
                  <attribute name="msmedia_jobtitle" />
                  <attribute name="msmedia_genderidentity" />
                  <attribute name="msmedia_state" />
                  <attribute name="msmedia_pronoun" />
                  <attribute name="msmedia_company_name" />
                  <attribute name="msmedia_oktofax" />
                  <attribute name="msmedia_oktocall" />
                  <attribute name="msmedia_oktomail" />
                  <attribute name="msmedia_name" />
                  <attribute name="msmedia_lastregisteredevent" />
                  <attribute name="msmedia_contact" />
                  <attribute name="createdon" />
                  <attribute name="modifiedon" />
                  <attribute name="msmedia_origin" />
                  <attribute name="msmedia_displayname" />
                </entity>
              </fetch>
            </fetchxml>
            <IntroducedVersion>1.0.0.0</IntroducedVersion>
            <LocalizedNames>
              <LocalizedName description="All Active Guests" languagecode="1033" />
            </LocalizedNames>
          </savedquery>
        </savedqueries>
      </SavedQueries>
      <RibbonDiffXml>
        <CustomActions />
        <Templates>
          <RibbonTemplates Id="Mscrm.Templates"></RibbonTemplates>
        </Templates>
        <CommandDefinitions />
        <RuleDefinitions>
          <TabDisplayRules />
          <DisplayRules />
          <EnableRules />
        </RuleDefinitions>
        <LocLabels />
      </RibbonDiffXml>
    </Entity>
  </Entities>
  <Roles />
  <Workflows>
    <Workflow WorkflowId="{1c4e49bf-ecbf-eb11-8236-0022480a2f8f}" Name="FL - &gt; Manual Trigger -&gt; Create Banner Image Web Files for  existing Media Events">
      <JsonFileName>/Workflows/FL-ManualTrigger-CreateBannerImageWebFilesforexist-1C4E49BF-ECBF-EB11-8236-0022480A2F8F.json</JsonFileName>
      <Type>1</Type>
      <Subprocess>0</Subprocess>
      <Category>5</Category>
      <Mode>0</Mode>
      <Scope>4</Scope>
      <OnDemand>0</OnDemand>
      <TriggerOnCreate>0</TriggerOnCreate>
      <TriggerOnDelete>0</TriggerOnDelete>
      <AsyncAutodelete>0</AsyncAutodelete>
      <SyncWorkflowLogOnFailure>0</SyncWorkflowLogOnFailure>
      <StateCode>1</StateCode>
      <StatusCode>2</StatusCode>
      <RunAs>1</RunAs>
      <IsTransacted>1</IsTransacted>
      <IntroducedVersion>1.1.3.11</IntroducedVersion>
      <IsCustomizable>1</IsCustomizable>
      <BusinessProcessType>0</BusinessProcessType>
      <IsCustomProcessingStepAllowedForOtherPublishers>1</IsCustomProcessingStepAllowedForOtherPublishers>
      <PrimaryEntity>none</PrimaryEntity>
      <LocalizedNames>
        <LocalizedName languagecode="1033" description="FL - &gt; Manual Trigger -&gt; Create Banner Image Web Files for  existing Media Events" />
      </LocalizedNames>
    </Workflow>
    <Workflow WorkflowId="{ce4c380d-34bf-eb11-8236-0022480a2f8f}" Name="FL -&gt; Media Event -&gt; Create Banner Image Web File For Media Event ">
      <JsonFileName>/Workflows/FL-MediaEvent-CreateBannerImageWebFileForMediaEven-CE4C380D-34BF-EB11-8236-0022480A2F8F.json</JsonFileName>
      <Type>1</Type>
      <Subprocess>0</Subprocess>
      <Category>5</Category>
      <Mode>0</Mode>
      <Scope>4</Scope>
      <OnDemand>0</OnDemand>
      <TriggerOnCreate>0</TriggerOnCreate>
      <TriggerOnDelete>0</TriggerOnDelete>
      <AsyncAutodelete>0</AsyncAutodelete>
      <SyncWorkflowLogOnFailure>0</SyncWorkflowLogOnFailure>
      <StateCode>1</StateCode>
      <StatusCode>2</StatusCode>
      <RunAs>1</RunAs>
      <IsTransacted>1</IsTransacted>
      <IntroducedVersion>1.1.3.11</IntroducedVersion>
      <IsCustomizable>1</IsCustomizable>
      <BusinessProcessType>0</BusinessProcessType>
      <IsCustomProcessingStepAllowedForOtherPublishers>1</IsCustomProcessingStepAllowedForOtherPublishers>
      <PrimaryEntity>none</PrimaryEntity>
      <LocalizedNames>
        <LocalizedName languagecode="1033" description="FL -&gt; Media Event -&gt; Create Banner Image Web File For Media Event " />
      </LocalizedNames>
    </Workflow>
    <Workflow WorkflowId="{a76d3f1f-1405-ec11-94ef-00224805b5dd}" Name="FL -&gt; Media Event -&gt; Create Card Image Web File For Media Event ">
      <JsonFileName>/Workflows/FL-MediaEvent-CreateCardImageWebFileForMediaEvent-A76D3F1F-1405-EC11-94EF-00224805B5DD.json</JsonFileName>
      <Type>1</Type>
      <Subprocess>0</Subprocess>
      <Category>5</Category>
      <Mode>0</Mode>
      <Scope>4</Scope>
      <OnDemand>0</OnDemand>
      <TriggerOnCreate>0</TriggerOnCreate>
      <TriggerOnDelete>0</TriggerOnDelete>
      <AsyncAutodelete>0</AsyncAutodelete>
      <SyncWorkflowLogOnFailure>0</SyncWorkflowLogOnFailure>
      <StateCode>1</StateCode>
      <StatusCode>2</StatusCode>
      <RunAs>1</RunAs>
      <IsTransacted>1</IsTransacted>
      <IntroducedVersion>2.0.3.0</IntroducedVersion>
      <IsCustomizable>1</IsCustomizable>
      <BusinessProcessType>0</BusinessProcessType>
      <IsCustomProcessingStepAllowedForOtherPublishers>1</IsCustomProcessingStepAllowedForOtherPublishers>
      <PrimaryEntity>none</PrimaryEntity>
      <LocalizedNames>
        <LocalizedName languagecode="1033" description="FL -&gt; Media Event -&gt; Create Card Image Web File For Media Event " />
      </LocalizedNames>
    </Workflow>
    <Workflow WorkflowId="{09393fc0-a3c2-ea11-a812-000d3a33fb78}" Name="FL -&gt; Media Registration -&gt; Insert Data to Media Registration">
      <JsonFileName>/Workflows/FL-MediaRegistration-InsertDatatoMediaRegistration-09393FC0-A3C2-EA11-A812-000D3A33FB78.json</JsonFileName>
      <Type>1</Type>
      <Subprocess>0</Subprocess>
      <Category>5</Category>
      <Mode>0</Mode>
      <Scope>4</Scope>
      <OnDemand>0</OnDemand>
      <TriggerOnCreate>0</TriggerOnCreate>
      <TriggerOnDelete>0</TriggerOnDelete>
      <AsyncAutodelete>0</AsyncAutodelete>
      <SyncWorkflowLogOnFailure>0</SyncWorkflowLogOnFailure>
      <StateCode>1</StateCode>
      <StatusCode>2</StatusCode>
      <RunAs>1</RunAs>
      <IsTransacted>1</IsTransacted>
      <IntroducedVersion>1.0</IntroducedVersion>
      <IsCustomizable>1</IsCustomizable>
      <BusinessProcessType>0</BusinessProcessType>
      <IsCustomProcessingStepAllowedForOtherPublishers>1</IsCustomProcessingStepAllowedForOtherPublishers>
      <PrimaryEntity>none</PrimaryEntity>
      <LocalizedNames>
        <LocalizedName languagecode="1033" description="FL -&gt; Media Registration -&gt; Insert Data to Media Registration" />
      </LocalizedNames>
    </Workflow>
    <Workflow WorkflowId="{fcd8fd86-7e7d-eb11-a812-00224802914c}" Name="FL -&gt; Media Registration -&gt; Update Data of Media Registration">
      <JsonFileName>/Workflows/FL-MediaRegistration-UpdateDataofMediaRegistration-FCD8FD86-7E7D-EB11-A812-00224802914C.json</JsonFileName>
      <Type>1</Type>
      <Subprocess>0</Subprocess>
      <Category>5</Category>
      <Mode>0</Mode>
      <Scope>4</Scope>
      <OnDemand>0</OnDemand>
      <TriggerOnCreate>0</TriggerOnCreate>
      <TriggerOnDelete>0</TriggerOnDelete>
      <AsyncAutodelete>0</AsyncAutodelete>
      <SyncWorkflowLogOnFailure>0</SyncWorkflowLogOnFailure>
      <StateCode>1</StateCode>
      <StatusCode>2</StatusCode>
      <RunAs>1</RunAs>
      <IsTransacted>1</IsTransacted>
      <IntroducedVersion>1.1.3.3</IntroducedVersion>
      <IsCustomizable>1</IsCustomizable>
      <BusinessProcessType>0</BusinessProcessType>
      <IsCustomProcessingStepAllowedForOtherPublishers>1</IsCustomProcessingStepAllowedForOtherPublishers>
      <PrimaryEntity>none</PrimaryEntity>
      <LocalizedNames>
        <LocalizedName languagecode="1033" description="FL -&gt; Media Registration -&gt; Update Data of Media Registration" />
      </LocalizedNames>
    </Workflow>
  </Workflows>
  <FieldSecurityProfiles />
  <Templates />
  <EntityMaps />
  <EntityRelationships />
  <OrganizationSettings />
  <optionsets />
  <CustomControls />
  <EntityDataProviders />
  <connectionreferences>
    <connectionreference connectionreferencelogicalname="msmedia_sharedcommondataserviceforapps_e6ba4">
      <connectionreferencedisplayname>Microsoft Dataverse</connectionreferencedisplayname>
      <connectorid>/providers/Microsoft.PowerApps/apis/shared_commondataserviceforapps</connectorid>
      <iscustomizable>1</iscustomizable>
      <statecode>0</statecode>
      <statuscode>1</statuscode>
    </connectionreference>
  </connectionreferences>
  <Languages>
    <Language>1033</Language>
  </Languages>
</ImportExportXml>