﻿<?xml version="1.0" encoding="utf-8"?>
<ImportExportXml xmlns:xsi="http://www.w3.org/2001/XMLSchema-instance">
  <Entities>
    <Entity>
      <Name LocalizedName="Episode" OriginalName="Episode">msmedia_Episode</Name>
      <Visualizations>
        <visualization>
          <savedqueryvisualizationid>{1A4BE4F4-85CA-EB11-BACC-000D3A1D5465}</savedqueryvisualizationid>
          <datadescription>
            <datadefinition>
              <fetchcollection>
                <fetch mapping="logical" aggregate="true">
                  <entity name="msmedia_episode">
                    <attribute name="msmedia_season" groupby="true" alias="_CRMAutoGen_groupby_column_Num_0" />
                    <attribute name="msmedia_episodenum" aggregate="count" alias="_CRMAutoGen_aggregate_column_Num_0" />
                  </entity>
                </fetch>
              </fetchcollection>
              <categorycollection>
                <category alias="_CRMAutoGen_groupby_column_Num_0">
                  <measurecollection>
                    <measure alias="_CRMAutoGen_aggregate_column_Num_0" />
                  </measurecollection>
                </category>
              </categorycollection>
            </datadefinition>
          </datadescription>
          <presentationdescription>
            <Chart Palette="None" PaletteCustomColors="91,151,213; 237,125,49; 160,116,166; 255,192,0; 68,114,196; 112,173,71; 37,94,145; 158,72,14; 117,55,125; 153,115,0; 38,68,120; 67,104,43; 124,175,221; 241,151,90; 186,144,192; 255,205,51; 105,142,208; 140,193,104; 50,125,194; 210,96,18; 150,83,159; 204,154,0; 51,90,161; 90,138,57;">
              <Series>
                <Series ChartType="Bar" IsValueShownAsLabel="True" Font="{0}, 9.5px" LabelForeColor="59, 59, 59" CustomProperties="PointWidth=0.75, MaxPixelPointWidth=40">
                  <SmartLabelStyle Enabled="True" />
                </Series>
              </Series>
              <ChartAreas>
                <ChartArea BorderColor="White" BorderDashStyle="Solid">
                  <AxisY LabelAutoFitMinFontSize="8" TitleForeColor="59, 59, 59" TitleFont="{0}, 10.5px" LineColor="165, 172, 181" IntervalAutoMode="VariableCount">
                    <MajorGrid LineColor="239, 242, 246" />
                    <MajorTickMark LineColor="165, 172, 181" />
                    <LabelStyle Font="{0}, 10.5px" ForeColor="59, 59, 59" />
                  </AxisY>
                  <AxisX LabelAutoFitMinFontSize="8" TitleForeColor="59, 59, 59" TitleFont="{0}, 10.5px" LineColor="165, 172, 181" IntervalAutoMode="VariableCount">
                    <MajorTickMark LineColor="165, 172, 181" />
                    <MajorGrid LineColor="Transparent" />
                    <LabelStyle Font="{0}, 10.5px" ForeColor="59, 59, 59" />
                  </AxisX>
                </ChartArea>
              </ChartAreas>
              <Titles>
                <Title Alignment="TopLeft" DockingOffset="-3" Font="{0}, 13px" ForeColor="59, 59, 59" />
              </Titles>
            </Chart>
          </presentationdescription>
          <isdefault>0</isdefault>
          <LocalizedNames>
            <LocalizedName description="Episode by Season" languagecode="1033" />
          </LocalizedNames>
          <IsCustomizable>1</IsCustomizable>
          <IntroducedVersion>2.0.1.1</IntroducedVersion>
          <CanBeDeleted>1</CanBeDeleted>
        </visualization>
        <visualization>
          <savedqueryvisualizationid>{CD64C522-86CA-EB11-BACC-000D3A1D5465}</savedqueryvisualizationid>
          <datadescription>
            <datadefinition>
              <fetchcollection>
                <fetch mapping="logical" aggregate="true">
                  <entity name="msmedia_episode">
                    <attribute name="msmedia_season" groupby="true" alias="_CRMAutoGen_groupby_column_Num_0" />
                    <attribute name="msmedia_name" aggregate="count" alias="_CRMAutoGen_aggregate_column_Num_0" />
                  </entity>
                </fetch>
              </fetchcollection>
              <categorycollection>
                <category alias="_CRMAutoGen_groupby_column_Num_0">
                  <measurecollection>
                    <measure alias="_CRMAutoGen_aggregate_column_Num_0" />
                  </measurecollection>
                </category>
              </categorycollection>
            </datadefinition>
          </datadescription>
          <presentationdescription>
            <Chart Palette="None" PaletteCustomColors="91,151,213; 237,125,49; 160,116,166; 255,192,0; 68,114,196; 112,173,71; 37,94,145; 158,72,14; 117,55,125; 153,115,0; 38,68,120; 67,104,43; 124,175,221; 241,151,90; 186,144,192; 255,205,51; 105,142,208; 140,193,104; 50,125,194; 210,96,18; 150,83,159; 204,154,0; 51,90,161; 90,138,57;">
              <Series>
                <Series ShadowOffset="0" IsValueShownAsLabel="True" Font="{0}, 9.5px" LabelForeColor="59, 59, 59" CustomProperties="PieLabelStyle=Inside, PieDrawingStyle=Default" ChartType="pie">
                  <SmartLabelStyle Enabled="True" />
                </Series>
              </Series>
              <ChartAreas>
                <ChartArea>
                  <Area3DStyle Enable3D="false" />
                </ChartArea>
              </ChartAreas>
              <Legends>
                <Legend Alignment="Center" LegendStyle="Table" Docking="right" IsEquallySpacedItems="True" Font="{0}, 11px" ShadowColor="0, 0, 0, 0" ForeColor="59, 59, 59" />
              </Legends>
              <Titles>
                <Title Alignment="TopLeft" DockingOffset="-3" Font="{0}, 13px" ForeColor="0, 0, 0" />
              </Titles>
            </Chart>
          </presentationdescription>
          <isdefault>0</isdefault>
          <LocalizedNames>
            <LocalizedName description="Episodes by Season" languagecode="1033" />
          </LocalizedNames>
          <Descriptions>
            <Description description="Episode by season - pie chart" languagecode="1033" />
          </Descriptions>
          <IsCustomizable>1</IsCustomizable>
          <IntroducedVersion>2.0.1.1</IntroducedVersion>
          <CanBeDeleted>1</CanBeDeleted>
        </visualization>
      </Visualizations>
      <RibbonDiffXml>
        <CustomActions />
        <Templates>
          <RibbonTemplates Id="Mscrm.Templates"></RibbonTemplates>
        </Templates>
        <CommandDefinitions />
        <RuleDefinitions>
          <TabDisplayRules />
          <DisplayRules />
          <EnableRules />
        </RuleDefinitions>
        <LocLabels />
      </RibbonDiffXml>
    </Entity>
    <Entity>
      <Name LocalizedName="Media Asset File" OriginalName="Media Asset File">msmedia_MediaAssetFile</Name>
      <Visualizations>
        <visualization>
          <savedqueryvisualizationid>{2B79329F-05CA-EB11-BACC-000D3A16F137}</savedqueryvisualizationid>
          <datadescription>
            <datadefinition>
              <fetchcollection>
                <fetch mapping="logical" aggregate="true">
                  <entity name="msmedia_mediaassetfile">
                    <attribute name="msmedia_virusscanstatus" groupby="true" alias="_CRMAutoGen_groupby_column_Num_0" />
                    <attribute name="msmedia_name" aggregate="count" alias="_CRMAutoGen_aggregate_column_Num_0" />
                  </entity>
                </fetch>
              </fetchcollection>
              <categorycollection>
                <category alias="_CRMAutoGen_groupby_column_Num_0">
                  <measurecollection>
                    <measure alias="_CRMAutoGen_aggregate_column_Num_0" />
                  </measurecollection>
                </category>
              </categorycollection>
            </datadefinition>
          </datadescription>
          <presentationdescription>
            <Chart Palette="None" PaletteCustomColors="91,151,213; 237,125,49; 160,116,166; 255,192,0; 68,114,196; 112,173,71; 37,94,145; 158,72,14; 117,55,125; 153,115,0; 38,68,120; 67,104,43; 124,175,221; 241,151,90; 186,144,192; 255,205,51; 105,142,208; 140,193,104; 50,125,194; 210,96,18; 150,83,159; 204,154,0; 51,90,161; 90,138,57;">
              <Series>
                <Series ShadowOffset="0" IsValueShownAsLabel="True" Font="{0}, 9.5px" LabelForeColor="59, 59, 59" CustomProperties="PieLabelStyle=Inside, PieDrawingStyle=Default" ChartType="pie">
                  <SmartLabelStyle Enabled="True" />
                </Series>
              </Series>
              <ChartAreas>
                <ChartArea>
                  <Area3DStyle Enable3D="false" />
                </ChartArea>
              </ChartAreas>
              <Legends>
                <Legend Alignment="Center" LegendStyle="Table" Docking="right" IsEquallySpacedItems="True" Font="{0}, 11px" ShadowColor="0, 0, 0, 0" ForeColor="59, 59, 59" />
              </Legends>
              <Titles>
                <Title Alignment="TopLeft" DockingOffset="-3" Font="{0}, 13px" ForeColor="0, 0, 0" />
              </Titles>
            </Chart>
          </presentationdescription>
          <isdefault>0</isdefault>
          <LocalizedNames>
            <LocalizedName description="Virus Scan Status" languagecode="1033" />
          </LocalizedNames>
          <IsCustomizable>1</IsCustomizable>
          <IntroducedVersion>2.0.1.1</IntroducedVersion>
          <CanBeDeleted>1</CanBeDeleted>
        </visualization>
        <visualization>
          <savedqueryvisualizationid>{FCE584A4-E6C9-EB11-BACC-000D3A1D5A7E}</savedqueryvisualizationid>
          <datadescription>
            <datadefinition>
              <fetchcollection>
                <fetch mapping="logical" aggregate="true">
                  <entity name="msmedia_mediaassetfile">
                    <attribute name="msmedia_uploadstatus" groupby="true" alias="_CRMAutoGen_groupby_column_Num_0" />
                    <attribute name="msmedia_name" aggregate="count" alias="_CRMAutoGen_aggregate_column_Num_0" />
                  </entity>
                </fetch>
              </fetchcollection>
              <categorycollection>
                <category alias="_CRMAutoGen_groupby_column_Num_0">
                  <measurecollection>
                    <measure alias="_CRMAutoGen_aggregate_column_Num_0" />
                  </measurecollection>
                </category>
              </categorycollection>
            </datadefinition>
          </datadescription>
          <presentationdescription>
            <Chart Palette="None" PaletteCustomColors="91,151,213; 237,125,49; 160,116,166; 255,192,0; 68,114,196; 112,173,71; 37,94,145; 158,72,14; 117,55,125; 153,115,0; 38,68,120; 67,104,43; 124,175,221; 241,151,90; 186,144,192; 255,205,51; 105,142,208; 140,193,104; 50,125,194; 210,96,18; 150,83,159; 204,154,0; 51,90,161; 90,138,57;">
              <Series>
                <Series ShadowOffset="0" IsValueShownAsLabel="True" Font="{0}, 9.5px" LabelForeColor="59, 59, 59" CustomProperties="PieLabelStyle=Inside, PieDrawingStyle=Default" ChartType="pie">
                  <SmartLabelStyle Enabled="True" />
                </Series>
              </Series>
              <ChartAreas>
                <ChartArea>
                  <Area3DStyle Enable3D="false" />
                </ChartArea>
              </ChartAreas>
              <Legends>
                <Legend Alignment="Center" LegendStyle="Table" Docking="right" IsEquallySpacedItems="True" Font="{0}, 11px" ShadowColor="0, 0, 0, 0" ForeColor="59, 59, 59" />
              </Legends>
              <Titles>
                <Title Alignment="TopLeft" DockingOffset="-3" Font="{0}, 13px" ForeColor="0, 0, 0" />
              </Titles>
            </Chart>
          </presentationdescription>
          <isdefault>0</isdefault>
          <LocalizedNames>
            <LocalizedName description="Asset Upload Status" languagecode="1033" />
          </LocalizedNames>
          <IsCustomizable>1</IsCustomizable>
          <IntroducedVersion>2.0.1.1</IntroducedVersion>
          <CanBeDeleted>1</CanBeDeleted>
        </visualization>
      </Visualizations>
      <RibbonDiffXml>
        <CustomActions />
        <Templates>
          <RibbonTemplates Id="Mscrm.Templates"></RibbonTemplates>
        </Templates>
        <CommandDefinitions />
        <RuleDefinitions>
          <TabDisplayRules />
          <DisplayRules />
          <EnableRules />
        </RuleDefinitions>
        <LocLabels />
      </RibbonDiffXml>
    </Entity>
    <Entity>
      <Name LocalizedName="Show" OriginalName="Show">msmedia_Show</Name>
      <EntityInfo>
        <entity Name="msmedia_Show">
          <attributes />
          <EntitySetName>msmedia_shows</EntitySetName>
          <IsDuplicateCheckSupported>1</IsDuplicateCheckSupported>
          <IsBusinessProcessEnabled>0</IsBusinessProcessEnabled>
          <IsRequiredOffline>0</IsRequiredOffline>
          <IsInteractionCentricEnabled>0</IsInteractionCentricEnabled>
          <IsCollaboration>0</IsCollaboration>
          <AutoRouteToOwnerQueue>0</AutoRouteToOwnerQueue>
          <IsConnectionsEnabled>0</IsConnectionsEnabled>
          <EntityColor></EntityColor>
          <IsDocumentManagementEnabled>0</IsDocumentManagementEnabled>
          <AutoCreateAccessTeams>0</AutoCreateAccessTeams>
          <IsOneNoteIntegrationEnabled>0</IsOneNoteIntegrationEnabled>
          <IsKnowledgeManagementEnabled>0</IsKnowledgeManagementEnabled>
          <IsSLAEnabled>0</IsSLAEnabled>
          <IsDocumentRecommendationsEnabled>0</IsDocumentRecommendationsEnabled>
          <IsBPFEntity>0</IsBPFEntity>
          <OwnershipTypeMask>UserOwned</OwnershipTypeMask>
          <EntityMask>ActivityPointer</EntityMask>
          <IsAuditEnabled>0</IsAuditEnabled>
          <IsRetrieveAuditEnabled>0</IsRetrieveAuditEnabled>
          <IsRetrieveMultipleAuditEnabled>0</IsRetrieveMultipleAuditEnabled>
          <IsActivity>0</IsActivity>
          <ActivityTypeMask></ActivityTypeMask>
          <IsActivityParty>0</IsActivityParty>
          <IsReplicated>0</IsReplicated>
          <IsReplicationUserFiltered>0</IsReplicationUserFiltered>
          <IsMailMergeEnabled>1</IsMailMergeEnabled>
          <IsVisibleInMobile>0</IsVisibleInMobile>
          <IsVisibleInMobileClient>0</IsVisibleInMobileClient>
          <IsReadOnlyInMobileClient>0</IsReadOnlyInMobileClient>
          <IsOfflineInMobileClient>0</IsOfflineInMobileClient>
          <DaysSinceRecordLastModified>0</DaysSinceRecordLastModified>
          <MobileOfflineFilters></MobileOfflineFilters>
          <IsMapiGridEnabled>1</IsMapiGridEnabled>
          <IsReadingPaneEnabled>1</IsReadingPaneEnabled>
          <IsQuickCreateEnabled>1</IsQuickCreateEnabled>
          <SyncToExternalSearchIndex>0</SyncToExternalSearchIndex>
          <IntroducedVersion>1.0</IntroducedVersion>
          <IconMediumName>msmedia_ShowIcon32</IconMediumName>
          <IconSmallName>msmedia_ShowIcon16</IconSmallName>
          <IconVectorName>msmedia_ShowIconSVG</IconVectorName>
          <EnforceStateTransitions>0</EnforceStateTransitions>
          <EntityHelpUrlEnabled>0</EntityHelpUrlEnabled>
          <EntityHelpUrl></EntityHelpUrl>
          <ChangeTrackingEnabled>0</ChangeTrackingEnabled>
          <IsEnabledForExternalChannels>0</IsEnabledForExternalChannels>
          <IsSolutionAware>0</IsSolutionAware>
          <HasRelatedActivities>True</HasRelatedActivities>
        </entity>
      </EntityInfo>
      <Visualizations>
        <visualization>
          <savedqueryvisualizationid>{7ED2198A-85CA-EB11-BACC-000D3A1D5465}</savedqueryvisualizationid>
          <datadescription>
            <datadefinition>
              <fetchcollection>
                <fetch mapping="logical" aggregate="true">
                  <entity name="msmedia_show">
                    <attribute name="msmedia_studio" groupby="true" alias="_CRMAutoGen_groupby_column_Num_0" />
                    <attribute name="msmedia_name" aggregate="count" alias="_CRMAutoGen_aggregate_column_Num_0" />
                  </entity>
                </fetch>
              </fetchcollection>
              <categorycollection>
                <category alias="_CRMAutoGen_groupby_column_Num_0">
                  <measurecollection>
                    <measure alias="_CRMAutoGen_aggregate_column_Num_0" />
                  </measurecollection>
                </category>
              </categorycollection>
            </datadefinition>
          </datadescription>
          <presentationdescription>
            <Chart Palette="None" PaletteCustomColors="91,151,213; 237,125,49; 160,116,166; 255,192,0; 68,114,196; 112,173,71; 37,94,145; 158,72,14; 117,55,125; 153,115,0; 38,68,120; 67,104,43; 124,175,221; 241,151,90; 186,144,192; 255,205,51; 105,142,208; 140,193,104; 50,125,194; 210,96,18; 150,83,159; 204,154,0; 51,90,161; 90,138,57;">
              <Series>
                <Series ShadowOffset="0" IsValueShownAsLabel="True" Font="{0}, 9.5px" LabelForeColor="59, 59, 59" CustomProperties="PieLabelStyle=Inside, PieDrawingStyle=Default" ChartType="pie">
                  <SmartLabelStyle Enabled="True" />
                </Series>
              </Series>
              <ChartAreas>
                <ChartArea>
                  <Area3DStyle Enable3D="false" />
                </ChartArea>
              </ChartAreas>
              <Legends>
                <Legend Alignment="Center" LegendStyle="Table" Docking="right" IsEquallySpacedItems="True" Font="{0}, 11px" ShadowColor="0, 0, 0, 0" ForeColor="59, 59, 59" />
              </Legends>
              <Titles>
                <Title Alignment="TopLeft" DockingOffset="-3" Font="{0}, 13px" ForeColor="0, 0, 0" />
              </Titles>
            </Chart>
          </presentationdescription>
          <isdefault>0</isdefault>
          <LocalizedNames>
            <LocalizedName description="Shows by studio" languagecode="1033" />
          </LocalizedNames>
          <Descriptions>
            <Description description="Shows by studio - pie chart" languagecode="1033" />
          </Descriptions>
          <IsCustomizable>1</IsCustomizable>
          <IntroducedVersion>2.0.1.1</IntroducedVersion>
          <CanBeDeleted>1</CanBeDeleted>
        </visualization>
        <visualization>
          <savedqueryvisualizationid>{8E385B6B-85CA-EB11-BACC-000D3A1D5465}</savedqueryvisualizationid>
          <datadescription>
            <datadefinition>
              <fetchcollection>
                <fetch mapping="logical" aggregate="true">
                  <entity name="msmedia_show">
                    <attribute name="msmedia_studio" groupby="true" alias="_CRMAutoGen_groupby_column_Num_0" />
                    <attribute name="msmedia_name" aggregate="count" alias="_CRMAutoGen_aggregate_column_Num_0" />
                  </entity>
                </fetch>
              </fetchcollection>
              <categorycollection>
                <category alias="_CRMAutoGen_groupby_column_Num_0">
                  <measurecollection>
                    <measure alias="_CRMAutoGen_aggregate_column_Num_0" />
                  </measurecollection>
                </category>
              </categorycollection>
            </datadefinition>
          </datadescription>
          <presentationdescription>
            <Chart Palette="None" PaletteCustomColors="91,151,213; 237,125,49; 160,116,166; 255,192,0; 68,114,196; 112,173,71; 37,94,145; 158,72,14; 117,55,125; 153,115,0; 38,68,120; 67,104,43; 124,175,221; 241,151,90; 186,144,192; 255,205,51; 105,142,208; 140,193,104; 50,125,194; 210,96,18; 150,83,159; 204,154,0; 51,90,161; 90,138,57;">
              <Series>
                <Series ChartType="Bar" IsValueShownAsLabel="True" Font="{0}, 9.5px" LabelForeColor="59, 59, 59" CustomProperties="PointWidth=0.75, MaxPixelPointWidth=40">
                  <SmartLabelStyle Enabled="True" />
                </Series>
              </Series>
              <ChartAreas>
                <ChartArea BorderColor="White" BorderDashStyle="Solid">
                  <AxisY LabelAutoFitMinFontSize="8" TitleForeColor="59, 59, 59" TitleFont="{0}, 10.5px" LineColor="165, 172, 181" IntervalAutoMode="VariableCount">
                    <MajorGrid LineColor="239, 242, 246" />
                    <MajorTickMark LineColor="165, 172, 181" />
                    <LabelStyle Font="{0}, 10.5px" ForeColor="59, 59, 59" />
                  </AxisY>
                  <AxisX LabelAutoFitMinFontSize="8" TitleForeColor="59, 59, 59" TitleFont="{0}, 10.5px" LineColor="165, 172, 181" IntervalAutoMode="VariableCount">
                    <MajorTickMark LineColor="165, 172, 181" />
                    <MajorGrid LineColor="Transparent" />
                    <LabelStyle Font="{0}, 10.5px" ForeColor="59, 59, 59" />
                  </AxisX>
                </ChartArea>
              </ChartAreas>
              <Titles>
                <Title Alignment="TopLeft" DockingOffset="-3" Font="{0}, 13px" ForeColor="59, 59, 59" />
              </Titles>
            </Chart>
          </presentationdescription>
          <isdefault>0</isdefault>
          <LocalizedNames>
            <LocalizedName description="Show by studio" languagecode="1033" />
          </LocalizedNames>
          <IsCustomizable>1</IsCustomizable>
          <IntroducedVersion>2.0.1.1</IntroducedVersion>
          <CanBeDeleted>1</CanBeDeleted>
        </visualization>
      </Visualizations>
      <RibbonDiffXml>
        <CustomActions />
        <Templates>
          <RibbonTemplates Id="Mscrm.Templates"></RibbonTemplates>
        </Templates>
        <CommandDefinitions />
        <RuleDefinitions>
          <TabDisplayRules />
          <DisplayRules />
          <EnableRules />
        </RuleDefinitions>
        <LocLabels />
      </RibbonDiffXml>
    </Entity>
    <Entity>
      <Name LocalizedName="Season" OriginalName="Season">msmedia_ShowSeason</Name>
      <Visualizations>
        <visualization>
          <savedqueryvisualizationid>{7AE936AA-85CA-EB11-BACC-000D3A1D5465}</savedqueryvisualizationid>
          <datadescription>
            <datadefinition>
              <fetchcollection>
                <fetch mapping="logical" aggregate="true">
                  <entity name="msmedia_showseason">
                    <attribute name="msmedia_show" groupby="true" alias="_CRMAutoGen_groupby_column_Num_0" />
                    <attribute name="msmedia_name" aggregate="count" alias="_CRMAutoGen_aggregate_column_Num_0" />
                  </entity>
                </fetch>
              </fetchcollection>
              <categorycollection>
                <category alias="_CRMAutoGen_groupby_column_Num_0">
                  <measurecollection>
                    <measure alias="_CRMAutoGen_aggregate_column_Num_0" />
                  </measurecollection>
                </category>
              </categorycollection>
            </datadefinition>
          </datadescription>
          <presentationdescription>
            <Chart Palette="None" PaletteCustomColors="91,151,213; 237,125,49; 160,116,166; 255,192,0; 68,114,196; 112,173,71; 37,94,145; 158,72,14; 117,55,125; 153,115,0; 38,68,120; 67,104,43; 124,175,221; 241,151,90; 186,144,192; 255,205,51; 105,142,208; 140,193,104; 50,125,194; 210,96,18; 150,83,159; 204,154,0; 51,90,161; 90,138,57;">
              <Series>
                <Series ChartType="Bar" IsValueShownAsLabel="True" Font="{0}, 9.5px" LabelForeColor="59, 59, 59" CustomProperties="PointWidth=0.75, MaxPixelPointWidth=40">
                  <SmartLabelStyle Enabled="True" />
                </Series>
              </Series>
              <ChartAreas>
                <ChartArea BorderColor="White" BorderDashStyle="Solid">
                  <AxisY LabelAutoFitMinFontSize="8" TitleForeColor="59, 59, 59" TitleFont="{0}, 10.5px" LineColor="165, 172, 181" IntervalAutoMode="VariableCount">
                    <MajorGrid LineColor="239, 242, 246" />
                    <MajorTickMark LineColor="165, 172, 181" />
                    <LabelStyle Font="{0}, 10.5px" ForeColor="59, 59, 59" />
                  </AxisY>
                  <AxisX LabelAutoFitMinFontSize="8" TitleForeColor="59, 59, 59" TitleFont="{0}, 10.5px" LineColor="165, 172, 181" IntervalAutoMode="VariableCount">
                    <MajorTickMark LineColor="165, 172, 181" />
                    <MajorGrid LineColor="Transparent" />
                    <LabelStyle Font="{0}, 10.5px" ForeColor="59, 59, 59" />
                  </AxisX>
                </ChartArea>
              </ChartAreas>
              <Titles>
                <Title Alignment="TopLeft" DockingOffset="-3" Font="{0}, 13px" ForeColor="59, 59, 59" />
              </Titles>
            </Chart>
          </presentationdescription>
          <isdefault>0</isdefault>
          <LocalizedNames>
            <LocalizedName description="Season by Show" languagecode="1033" />
          </LocalizedNames>
          <Descriptions>
            <Description description="Season name by show" languagecode="1033" />
          </Descriptions>
          <IsCustomizable>1</IsCustomizable>
          <IntroducedVersion>2.0.1.1</IntroducedVersion>
          <CanBeDeleted>1</CanBeDeleted>
        </visualization>
        <visualization>
          <savedqueryvisualizationid>{F06656B7-85CA-EB11-BACC-000D3A1D5465}</savedqueryvisualizationid>
          <datadescription>
            <datadefinition>
              <fetchcollection>
                <fetch mapping="logical" aggregate="true">
                  <entity name="msmedia_showseason">
                    <attribute name="msmedia_show" groupby="true" alias="_CRMAutoGen_groupby_column_Num_0" />
                    <attribute name="msmedia_name" aggregate="count" alias="_CRMAutoGen_aggregate_column_Num_0" />
                  </entity>
                </fetch>
              </fetchcollection>
              <categorycollection>
                <category alias="_CRMAutoGen_groupby_column_Num_0">
                  <measurecollection>
                    <measure alias="_CRMAutoGen_aggregate_column_Num_0" />
                  </measurecollection>
                </category>
              </categorycollection>
            </datadefinition>
          </datadescription>
          <presentationdescription>
            <Chart Palette="None" PaletteCustomColors="91,151,213; 237,125,49; 160,116,166; 255,192,0; 68,114,196; 112,173,71; 37,94,145; 158,72,14; 117,55,125; 153,115,0; 38,68,120; 67,104,43; 124,175,221; 241,151,90; 186,144,192; 255,205,51; 105,142,208; 140,193,104; 50,125,194; 210,96,18; 150,83,159; 204,154,0; 51,90,161; 90,138,57;">
              <Series>
                <Series ShadowOffset="0" IsValueShownAsLabel="True" Font="{0}, 9.5px" LabelForeColor="59, 59, 59" CustomProperties="PieLabelStyle=Inside, PieDrawingStyle=Default" ChartType="pie">
                  <SmartLabelStyle Enabled="True" />
                </Series>
              </Series>
              <ChartAreas>
                <ChartArea>
                  <Area3DStyle Enable3D="false" />
                </ChartArea>
              </ChartAreas>
              <Legends>
                <Legend Alignment="Center" LegendStyle="Table" Docking="right" IsEquallySpacedItems="True" Font="{0}, 11px" ShadowColor="0, 0, 0, 0" ForeColor="59, 59, 59" />
              </Legends>
              <Titles>
                <Title Alignment="TopLeft" DockingOffset="-3" Font="{0}, 13px" ForeColor="0, 0, 0" />
              </Titles>
            </Chart>
          </presentationdescription>
          <isdefault>0</isdefault>
          <LocalizedNames>
            <LocalizedName description="Seasons by Show" languagecode="1033" />
          </LocalizedNames>
          <Descriptions>
            <Description description="Season by show - pie chart" languagecode="1033" />
          </Descriptions>
          <IsCustomizable>1</IsCustomizable>
          <IntroducedVersion>2.0.1.1</IntroducedVersion>
          <CanBeDeleted>1</CanBeDeleted>
        </visualization>
      </Visualizations>
      <RibbonDiffXml>
        <CustomActions />
        <Templates>
          <RibbonTemplates Id="Mscrm.Templates"></RibbonTemplates>
        </Templates>
        <CommandDefinitions />
        <RuleDefinitions>
          <TabDisplayRules />
          <DisplayRules />
          <EnableRules />
        </RuleDefinitions>
        <LocLabels />
      </RibbonDiffXml>
    </Entity>
    <Entity>
      <Name LocalizedName="Studio" OriginalName="Studio">msmedia_Studio</Name>
      <EntityInfo>
        <entity Name="msmedia_Studio">
          <attributes />
          <EntitySetName>msmedia_studios</EntitySetName>
          <IsDuplicateCheckSupported>1</IsDuplicateCheckSupported>
          <IsBusinessProcessEnabled>0</IsBusinessProcessEnabled>
          <IsRequiredOffline>0</IsRequiredOffline>
          <IsInteractionCentricEnabled>0</IsInteractionCentricEnabled>
          <IsCollaboration>0</IsCollaboration>
          <AutoRouteToOwnerQueue>0</AutoRouteToOwnerQueue>
          <IsConnectionsEnabled>0</IsConnectionsEnabled>
          <EntityColor></EntityColor>
          <IsDocumentManagementEnabled>0</IsDocumentManagementEnabled>
          <AutoCreateAccessTeams>0</AutoCreateAccessTeams>
          <IsOneNoteIntegrationEnabled>0</IsOneNoteIntegrationEnabled>
          <IsKnowledgeManagementEnabled>0</IsKnowledgeManagementEnabled>
          <IsSLAEnabled>0</IsSLAEnabled>
          <IsDocumentRecommendationsEnabled>0</IsDocumentRecommendationsEnabled>
          <IsBPFEntity>0</IsBPFEntity>
          <OwnershipTypeMask>UserOwned</OwnershipTypeMask>
          <EntityMask>ActivityPointer</EntityMask>
          <IsAuditEnabled>0</IsAuditEnabled>
          <IsRetrieveAuditEnabled>0</IsRetrieveAuditEnabled>
          <IsRetrieveMultipleAuditEnabled>0</IsRetrieveMultipleAuditEnabled>
          <IsActivity>0</IsActivity>
          <ActivityTypeMask></ActivityTypeMask>
          <IsActivityParty>0</IsActivityParty>
          <IsReplicated>0</IsReplicated>
          <IsReplicationUserFiltered>0</IsReplicationUserFiltered>
          <IsMailMergeEnabled>1</IsMailMergeEnabled>
          <IsVisibleInMobile>0</IsVisibleInMobile>
          <IsVisibleInMobileClient>0</IsVisibleInMobileClient>
          <IsReadOnlyInMobileClient>0</IsReadOnlyInMobileClient>
          <IsOfflineInMobileClient>0</IsOfflineInMobileClient>
          <DaysSinceRecordLastModified>0</DaysSinceRecordLastModified>
          <MobileOfflineFilters></MobileOfflineFilters>
          <IsMapiGridEnabled>1</IsMapiGridEnabled>
          <IsReadingPaneEnabled>1</IsReadingPaneEnabled>
          <IsQuickCreateEnabled>1</IsQuickCreateEnabled>
          <SyncToExternalSearchIndex>0</SyncToExternalSearchIndex>
          <IntroducedVersion>1.0</IntroducedVersion>
          <IconMediumName>msmedia_StudioIcon32</IconMediumName>
          <IconSmallName>msmedia_StudioIcon16</IconSmallName>
          <IconVectorName>msmedia_StudioIconSVG</IconVectorName>
          <EnforceStateTransitions>0</EnforceStateTransitions>
          <EntityHelpUrlEnabled>0</EntityHelpUrlEnabled>
          <EntityHelpUrl></EntityHelpUrl>
          <ChangeTrackingEnabled>0</ChangeTrackingEnabled>
          <IsEnabledForExternalChannels>0</IsEnabledForExternalChannels>
          <IsSolutionAware>0</IsSolutionAware>
          <HasRelatedActivities>True</HasRelatedActivities>
        </entity>
      </EntityInfo>
      <Visualizations>
        <visualization>
          <savedqueryvisualizationid>{BBC95E10-85CA-EB11-BACC-000D3A1D5465}</savedqueryvisualizationid>
          <datadescription>
            <datadefinition>
              <fetchcollection>
                <fetch mapping="logical" aggregate="true">
                  <entity name="msmedia_studio">
                    <attribute name="statecode" groupby="true" alias="_CRMAutoGen_groupby_column_Num_0" />
                    <attribute name="msmedia_name" aggregate="count" alias="_CRMAutoGen_aggregate_column_Num_0" />
                  </entity>
                </fetch>
              </fetchcollection>
              <categorycollection>
                <category alias="_CRMAutoGen_groupby_column_Num_0">
                  <measurecollection>
                    <measure alias="_CRMAutoGen_aggregate_column_Num_0" />
                  </measurecollection>
                </category>
              </categorycollection>
            </datadefinition>
          </datadescription>
          <presentationdescription>
            <Chart Palette="None" PaletteCustomColors="91,151,213; 237,125,49; 160,116,166; 255,192,0; 68,114,196; 112,173,71; 37,94,145; 158,72,14; 117,55,125; 153,115,0; 38,68,120; 67,104,43; 124,175,221; 241,151,90; 186,144,192; 255,205,51; 105,142,208; 140,193,104; 50,125,194; 210,96,18; 150,83,159; 204,154,0; 51,90,161; 90,138,57;">
              <Series>
                <Series ShadowOffset="0" IsValueShownAsLabel="True" Font="{0}, 9.5px" LabelForeColor="59, 59, 59" CustomProperties="PieLabelStyle=Inside, PieDrawingStyle=Default" ChartType="pie">
                  <SmartLabelStyle Enabled="True" />
                </Series>
              </Series>
              <ChartAreas>
                <ChartArea>
                  <Area3DStyle Enable3D="false" />
                </ChartArea>
              </ChartAreas>
              <Legends>
                <Legend Alignment="Center" LegendStyle="Table" Docking="right" IsEquallySpacedItems="True" Font="{0}, 11px" ShadowColor="0, 0, 0, 0" ForeColor="59, 59, 59" />
              </Legends>
              <Titles>
                <Title Alignment="TopLeft" DockingOffset="-3" Font="{0}, 13px" ForeColor="0, 0, 0" />
              </Titles>
            </Chart>
          </presentationdescription>
          <isdefault>0</isdefault>
          <LocalizedNames>
            <LocalizedName description="Studio list" languagecode="1033" />
          </LocalizedNames>
          <Descriptions>
            <Description description="Studio by status pie chart" languagecode="1033" />
          </Descriptions>
          <IsCustomizable>1</IsCustomizable>
          <IntroducedVersion>2.0.1.1</IntroducedVersion>
          <CanBeDeleted>1</CanBeDeleted>
        </visualization>
        <visualization>
          <savedqueryvisualizationid>{DD10CB95-84CA-EB11-BACC-000D3A16F137}</savedqueryvisualizationid>
          <datadescription>
            <datadefinition>
              <fetchcollection>
                <fetch mapping="logical" aggregate="true">
                  <entity name="msmedia_studio">
                    <attribute name="statecode" groupby="true" alias="_CRMAutoGen_groupby_column_Num_0" />
                    <attribute name="msmedia_name" aggregate="count" alias="_CRMAutoGen_aggregate_column_Num_0" />
                  </entity>
                </fetch>
              </fetchcollection>
              <categorycollection>
                <category alias="_CRMAutoGen_groupby_column_Num_0">
                  <measurecollection>
                    <measure alias="_CRMAutoGen_aggregate_column_Num_0" />
                  </measurecollection>
                </category>
              </categorycollection>
            </datadefinition>
          </datadescription>
          <presentationdescription>
            <Chart Palette="None" PaletteCustomColors="91,151,213; 237,125,49; 160,116,166; 255,192,0; 68,114,196; 112,173,71; 37,94,145; 158,72,14; 117,55,125; 153,115,0; 38,68,120; 67,104,43; 124,175,221; 241,151,90; 186,144,192; 255,205,51; 105,142,208; 140,193,104; 50,125,194; 210,96,18; 150,83,159; 204,154,0; 51,90,161; 90,138,57;">
              <Series>
                <Series ChartType="Bar" IsValueShownAsLabel="True" Font="{0}, 9.5px" LabelForeColor="59, 59, 59" CustomProperties="PointWidth=0.75, MaxPixelPointWidth=40">
                  <SmartLabelStyle Enabled="True" />
                </Series>
              </Series>
              <ChartAreas>
                <ChartArea BorderColor="White" BorderDashStyle="Solid">
                  <AxisY LabelAutoFitMinFontSize="8" TitleForeColor="59, 59, 59" TitleFont="{0}, 10.5px" LineColor="165, 172, 181" IntervalAutoMode="VariableCount">
                    <MajorGrid LineColor="239, 242, 246" />
                    <MajorTickMark LineColor="165, 172, 181" />
                    <LabelStyle Font="{0}, 10.5px" ForeColor="59, 59, 59" />
                  </AxisY>
                  <AxisX LabelAutoFitMinFontSize="8" TitleForeColor="59, 59, 59" TitleFont="{0}, 10.5px" LineColor="165, 172, 181" IntervalAutoMode="VariableCount">
                    <MajorTickMark LineColor="165, 172, 181" />
                    <MajorGrid LineColor="Transparent" />
                    <LabelStyle Font="{0}, 10.5px" ForeColor="59, 59, 59" />
                  </AxisX>
                </ChartArea>
              </ChartAreas>
              <Titles>
                <Title Alignment="TopLeft" DockingOffset="-3" Font="{0}, 13px" ForeColor="59, 59, 59" />
              </Titles>
            </Chart>
          </presentationdescription>
          <isdefault>0</isdefault>
          <LocalizedNames>
            <LocalizedName description="Studio by status" languagecode="1033" />
          </LocalizedNames>
          <IsCustomizable>1</IsCustomizable>
          <IntroducedVersion>2.0.1.1</IntroducedVersion>
          <CanBeDeleted>1</CanBeDeleted>
        </visualization>
      </Visualizations>
      <RibbonDiffXml>
        <CustomActions />
        <Templates>
          <RibbonTemplates Id="Mscrm.Templates"></RibbonTemplates>
        </Templates>
        <CommandDefinitions />
        <RuleDefinitions>
          <TabDisplayRules />
          <DisplayRules />
          <EnableRules />
        </RuleDefinitions>
        <LocLabels />
      </RibbonDiffXml>
    </Entity>
  </Entities>
  <Roles />
  <Workflows />
  <FieldSecurityProfiles />
  <Templates />
  <EntityImageConfigs>
    <EntityImageConfig>
      <parententitylogicalname>msmedia_show</parententitylogicalname>
      <primaryimageattribute>msmedia_logo</primaryimageattribute>
    </EntityImageConfig>
    <EntityImageConfig>
      <parententitylogicalname>msmedia_studio</parententitylogicalname>
      <primaryimageattribute>msmedia_logo</primaryimageattribute>
    </EntityImageConfig>
  </EntityImageConfigs>
  <EntityMaps />
  <EntityRelationships />
  <OrganizationSettings />
  <optionsets />
  <Dashboards>
    <Dashboard>
      <LocalizedNames>
        <LocalizedName description="Media CPM Dashboard" languagecode="1033" />
      </LocalizedNames>
      <FormId>{7e7993b7-86ca-eb11-bacc-000d3a1d5465}</FormId>
      <IsCustomizable>1</IsCustomizable>
      <IsDefault>0</IsDefault>
      <FormXml>
        <forms type="dashboard">
          <form>
            <tabs>
              <tab showlabel="false" verticallayout="true" id="{68689f30-33b3-47de-a4e0-ca36f492d050}">
                <labels>
                  <label description="Tab" languagecode="1033" />
                </labels>
                <columns>
                  <column width="100%">
                    <sections>
                      <section showlabel="false" showbar="false" columns="1111" id="{f591e08f-4493-49cb-8804-5edf8237beea}">
                        <labels>
                          <label description="Section" languagecode="1033" />
                        </labels>
                        <rows>
                          <row>
                            <cell colspan="1" rowspan="12" showlabel="false" id="{afe82e3f-be6b-457c-b478-72f0558a8be6}" auto="false">
                              <labels>
                                <label description="Studio" languagecode="1033" />
                              </labels>
                              <control id="Component60f4204" uniqueid="{9d752c14-8bea-a5bb-8b44-4770c75943ce}" classid="{E7A81278-8635-4d9e-8D4D-59480B391C5B}" indicationOfSubgrid="true">
                                <parameters>
                                  <TargetEntityType>msmedia_studio</TargetEntityType>
                                  <ChartGridMode>Chart</ChartGridMode>
                                  <EnableQuickFind>false</EnableQuickFind>
                                  <EnableViewPicker>false</EnableViewPicker>
                                  <EnableJumpBar>false</EnableJumpBar>
                                  <RecordsPerPage>10</RecordsPerPage>
                                  <HeaderColorCode />
                                  <ViewId>{A90F7656-FCD1-4A19-B147-B4B426C32D34}</ViewId>
                                  <IsUserView>false</IsUserView>
                                  <ViewIds />
                                  <AutoExpand>Fixed</AutoExpand>
                                  <VisualizationId>{DD10CB95-84CA-EB11-BACC-000D3A16F137}</VisualizationId>
                                  <IsUserChart>false</IsUserChart>
                                  <EnableChartPicker>false</EnableChartPicker>
                                  <RelationshipName />
                                </parameters>
                              </control>
                            </cell>
                            <cell colspan="1" rowspan="12" showlabel="false" id="{cc209f1f-7077-4032-aaf5-17c2a7f6088a}" auto="false">
                              <labels>
                                <label description="Show" languagecode="1033" />
                              </labels>
                              <control id="Component41433b2" uniqueid="{a131cd0b-1852-4bd7-2c36-8394d5520986}" classid="{E7A81278-8635-4d9e-8D4D-59480B391C5B}" indicationOfSubgrid="true">
                                <parameters>
                                  <TargetEntityType>msmedia_show</TargetEntityType>
                                  <ChartGridMode>Chart</ChartGridMode>
                                  <EnableQuickFind>false</EnableQuickFind>
                                  <EnableViewPicker>false</EnableViewPicker>
                                  <EnableJumpBar>false</EnableJumpBar>
                                  <RecordsPerPage>10</RecordsPerPage>
                                  <HeaderColorCode />
                                  <ViewId>{72C68B3B-A4A1-463F-8AEA-FD0E5D04F1AC}</ViewId>
                                  <IsUserView>false</IsUserView>
                                  <ViewIds />
                                  <AutoExpand>Fixed</AutoExpand>
                                  <VisualizationId>{8E385B6B-85CA-EB11-BACC-000D3A1D5465}</VisualizationId>
                                  <IsUserChart>false</IsUserChart>
                                  <EnableChartPicker>false</EnableChartPicker>
                                  <RelationshipName />
                                </parameters>
                              </control>
                            </cell>
                            <cell colspan="1" rowspan="12" showlabel="false" id="{d961901e-8ee8-48b1-a979-0ff75fe0d5fb}" auto="false">
                              <labels>
                                <label description="Season" languagecode="1033" />
                              </labels>
                              <control id="Component47694c9" uniqueid="{95893504-e071-cb66-560c-3b0929e73c89}" classid="{E7A81278-8635-4d9e-8D4D-59480B391C5B}" indicationOfSubgrid="true">
                                <parameters>
                                  <TargetEntityType>msmedia_showseason</TargetEntityType>
                                  <ChartGridMode>Chart</ChartGridMode>
                                  <EnableQuickFind>false</EnableQuickFind>
                                  <EnableViewPicker>false</EnableViewPicker>
                                  <EnableJumpBar>false</EnableJumpBar>
                                  <RecordsPerPage>10</RecordsPerPage>
                                  <HeaderColorCode />
                                  <ViewId>{60FADD85-403E-4550-A57E-7901EFD74EC4}</ViewId>
                                  <IsUserView>false</IsUserView>
                                  <ViewIds />
                                  <AutoExpand>Fixed</AutoExpand>
                                  <VisualizationId>{7AE936AA-85CA-EB11-BACC-000D3A1D5465}</VisualizationId>
                                  <IsUserChart>false</IsUserChart>
                                  <EnableChartPicker>false</EnableChartPicker>
                                  <RelationshipName />
                                </parameters>
                              </control>
                            </cell>
                            <cell colspan="1" rowspan="12" showlabel="false" id="{9bc37087-4f94-4565-90d8-5cb9de2d41d7}" auto="false">
                              <labels>
                                <label description="Episode" languagecode="1033" />
                              </labels>
                              <control id="Component066e633" uniqueid="{a36673bc-2edb-2389-a2d8-1780a8167093}" classid="{E7A81278-8635-4d9e-8D4D-59480B391C5B}" indicationOfSubgrid="true">
                                <parameters>
                                  <TargetEntityType>msmedia_episode</TargetEntityType>
                                  <ChartGridMode>Chart</ChartGridMode>
                                  <EnableQuickFind>false</EnableQuickFind>
                                  <EnableViewPicker>false</EnableViewPicker>
                                  <EnableJumpBar>false</EnableJumpBar>
                                  <RecordsPerPage>10</RecordsPerPage>
                                  <HeaderColorCode />
                                  <ViewId>{6687FE2D-ABFB-4246-8E47-2E65DF7E686B}</ViewId>
                                  <IsUserView>false</IsUserView>
                                  <ViewIds />
                                  <AutoExpand>Fixed</AutoExpand>
                                  <VisualizationId>{1A4BE4F4-85CA-EB11-BACC-000D3A1D5465}</VisualizationId>
                                  <IsUserChart>false</IsUserChart>
                                  <EnableChartPicker>false</EnableChartPicker>
                                  <RelationshipName />
                                </parameters>
                              </control>
                            </cell>
                          </row>
                          <row />
                          <row />
                          <row />
                          <row />
                          <row />
                          <row />
                          <row />
                          <row />
                          <row />
                          <row />
                          <row />
                          <row>
                            <cell colspan="2" rowspan="12" showlabel="false" id="{c830f5ee-99b2-4560-a264-58c6617d60ab}" auto="false">
                              <labels>
                                <label description="Media Asset File" languagecode="1033" />
                              </labels>
                              <control id="Component575e3b0" uniqueid="{34531117-072b-5dac-15a2-a97e0101da75}" classid="{E7A81278-8635-4d9e-8D4D-59480B391C5B}" indicationOfSubgrid="true">
                                <parameters>
                                  <TargetEntityType>msmedia_mediaassetfile</TargetEntityType>
                                  <ChartGridMode>Chart</ChartGridMode>
                                  <EnableQuickFind>false</EnableQuickFind>
                                  <EnableViewPicker>false</EnableViewPicker>
                                  <EnableJumpBar>false</EnableJumpBar>
                                  <RecordsPerPage>12</RecordsPerPage>
                                  <HeaderColorCode>#F3F3F3</HeaderColorCode>
                                  <ViewId>{50FE9C77-61F6-44DC-B6BF-F262BEC7E7E6}</ViewId>
                                  <IsUserView>false</IsUserView>
                                  <ViewIds>{50FE9C77-61F6-44DC-B6BF-F262BEC7E7E6}</ViewIds>
                                  <AutoExpand>Fixed</AutoExpand>
                                  <VisualizationId>{FCE584A4-E6C9-EB11-BACC-000D3A1D5A7E}</VisualizationId>
                                  <IsUserChart>false</IsUserChart>
                                  <EnableChartPicker>false</EnableChartPicker>
                                  <RelationshipName />
                                </parameters>
                              </control>
                            </cell>
                            <cell colspan="2" rowspan="12" showlabel="false" id="{789ab3bf-67a1-4951-95fd-7a864252a466}" auto="false">
                              <labels>
                                <label description="Studios" languagecode="1033" />
                              </labels>
                              <control id="Component36f5e2b" uniqueid="{2421837c-125e-c340-2982-db2098a7b9a9}" classid="{E7A81278-8635-4d9e-8D4D-59480B391C5B}" indicationOfSubgrid="true">
                                <parameters>
                                  <TargetEntityType>msmedia_mediaassetfile</TargetEntityType>
                                  <ChartGridMode>Chart</ChartGridMode>
                                  <EnableQuickFind>false</EnableQuickFind>
                                  <EnableViewPicker>false</EnableViewPicker>
                                  <EnableJumpBar>false</EnableJumpBar>
                                  <RecordsPerPage>10</RecordsPerPage>
                                  <HeaderColorCode />
                                  <ViewId>{50FE9C77-61F6-44DC-B6BF-F262BEC7E7E6}</ViewId>
                                  <IsUserView>false</IsUserView>
                                  <ViewIds />
                                  <AutoExpand>Fixed</AutoExpand>
                                  <VisualizationId>{2B79329F-05CA-EB11-BACC-000D3A16F137}</VisualizationId>
                                  <IsUserChart>false</IsUserChart>
                                  <EnableChartPicker>false</EnableChartPicker>
                                  <RelationshipName />
                                </parameters>
                              </control>
                            </cell>
                          </row>
                          <row />
                          <row />
                          <row />
                          <row />
                          <row />
                          <row />
                          <row />
                          <row />
                          <row />
                          <row />
                          <row />
                        </rows>
                      </section>
                    </sections>
                  </column>
                </columns>
              </tab>
            </tabs>
          </form>
        </forms>
      </FormXml>
      <IntroducedVersion>2.0.1.1</IntroducedVersion>
      <IsTabletEnabled>0</IsTabletEnabled>
    </Dashboard>
    <Dashboard>
      <LocalizedNames>
        <LocalizedName description="Media CPM Activity Log" languagecode="1033" />
      </LocalizedNames>
      <FormId>{fb8b9801-2de9-eb11-bacb-000d3a9a6108}</FormId>
      <IsCustomizable>1</IsCustomizable>
      <IsDefault>0</IsDefault>
      <FormXml>
        <forms type="dashboard">
          <form>
            <tabs>
              <tab showlabel="false" verticallayout="true" id="{fb00f0bc-f286-4897-944f-124338960f2b}">
                <labels>
                  <label description="Tab" languagecode="1033" />
                </labels>
                <columns>
                  <column width="100%">
                    <sections>
                      <section showlabel="false" showbar="false" columns="1111" id="{9f271616-2c84-4ddb-98f4-dbca67fe5e97}">
                        <labels>
                          <label description="Section" languagecode="1033" />
                        </labels>
                        <rows>
                          <row>
                            <cell colspan="4" rowspan="12" showlabel="false" id="{dcb3d992-f4b4-4ce4-a9c1-3c209df056a7}" auto="false">
                              <labels>
                                <label description="Media CPM Activity Log" languagecode="1033" />
                              </labels>
                              <control id="Componentf4d2e3b" uniqueid="{a39c9baa-53d8-182a-0c29-b838b2e98a89}" classid="{E7A81278-8635-4d9e-8D4D-59480B391C5B}" indicationOfSubgrid="true">
                                <parameters>
                                  <TargetEntityType>msmedia_mediaassetactivity</TargetEntityType>
                                  <ChartGridMode>Grid</ChartGridMode>
                                  <EnableQuickFind>true</EnableQuickFind>
                                  <EnableViewPicker>true</EnableViewPicker>
                                  <EnableJumpBar>true</EnableJumpBar>
                                  <RecordsPerPage>8</RecordsPerPage>
                                  <HeaderColorCode>#F3F3F3</HeaderColorCode>
                                  <ViewId>{64500DEB-109D-4F51-A597-FC09A540B6E2}</ViewId>
                                  <IsUserView>false</IsUserView>
                                  <ViewIds />
                                  <AutoExpand>Fixed</AutoExpand>
                                  <VisualizationId />
                                  <IsUserChart>false</IsUserChart>
                                  <EnableChartPicker>false</EnableChartPicker>
                                  <RelationshipName />
                                </parameters>
                              </control>
                            </cell>
                          </row>
                          <row />
                          <row />
                          <row />
                          <row />
                          <row />
                          <row />
                          <row />
                          <row />
                          <row />
                          <row />
                          <row />
                        </rows>
                      </section>
                    </sections>
                  </column>
                </columns>
              </tab>
            </tabs>
            <controlDescriptions />
          </form>
        </forms>
      </FormXml>
      <IntroducedVersion>2.0.2.0</IntroducedVersion>
      <IsTabletEnabled>0</IsTabletEnabled>
    </Dashboard>
  </Dashboards>
  <CustomControls />
  <AppModuleSiteMaps>
    <AppModuleSiteMap>
      <SiteMapUniqueName>msmedia_ContentProduction</SiteMapUniqueName>
      <SiteMap IntroducedVersion="7.0.0.0">
        <Area Id="New_Area" ResourceId="SitemapDesigner.NewArea" DescriptionResourceId="SitemapDesigner.NewArea" ShowGroups="true" IntroducedVersion="7.0.0.0">
          <Titles>
            <Title LCID="1033" Title="Content Production" />
          </Titles>
          <Group Id="Group_Dashboards" ResourceId="SitemapDesigner.NewGroup" IsProfile="false" ToolTipResourseId="SitemapDesigner.Unknown">
            <Titles>
              <Title LCID="1033" Title="Dashboards" />
            </Titles>
            <SubArea Id="SubArea_MediaCPMActivityLog" ResourceId="Homepage_Dashboards" DescriptionResourceId="Dashboards_Description" Icon="/_imgs/imagestrips/transparent_spacer.gif" Url="/workplace/home_dashboards.aspx" DefaultDashboard="fb8b9801-2de9-eb11-bacb-000d3a9a6108" Client="All,Outlook,OutlookLaptopClient,OutlookWorkstationClient,Web" AvailableOffline="true" PassParams="false" Sku="All,OnPremise,Live,SPLA" ToolTipResourseId="Dashboards_ToolTip">
              <Titles>
                <Title LCID="1033" Title="Dashboards" />
              </Titles>
            </SubArea>
          </Group>
          <Group Id="Group_ContentProduction" ResourceId="SitemapDesigner.NewGroup" DescriptionResourceId="SitemapDesigner.NewGroup" IntroducedVersion="7.0.0.0" IsProfile="false" ToolTipResourseId="SitemapDesigner.Unknown">
            <Titles>
              <Title LCID="1033" Title="Content Production" />
            </Titles>
            <SubArea Id="SubArea_Studio" Icon="/_imgs/imagestrips/transparent_spacer.gif" IntroducedVersion="7.0.0.0" Entity="msmedia_studio" Client="All,Outlook,OutlookLaptopClient,OutlookWorkstationClient,Web" AvailableOffline="true" PassParams="false" Sku="All,OnPremise,Live,SPLA" />
            <SubArea Id="SubArea_Show" Icon="/_imgs/imagestrips/transparent_spacer.gif" Entity="msmedia_show" Client="All,Outlook,OutlookLaptopClient,OutlookWorkstationClient,Web" AvailableOffline="true" PassParams="false" Sku="All,OnPremise,Live,SPLA" />
            <SubArea Id="SubArea_Season" Icon="/_imgs/imagestrips/transparent_spacer.gif" Entity="msmedia_showseason" Client="All,Outlook,OutlookLaptopClient,OutlookWorkstationClient,Web" AvailableOffline="true" PassParams="false" Sku="All,OnPremise,Live,SPLA" />
            <SubArea Id="SubArea_Episode" Icon="/_imgs/imagestrips/transparent_spacer.gif" Entity="msmedia_episode" Client="All,Outlook,OutlookLaptopClient,OutlookWorkstationClient,Web" AvailableOffline="true" PassParams="false" Sku="All,OnPremise,Live,SPLA" />
            <SubArea Id="SubArea_Asset" Icon="/_imgs/imagestrips/transparent_spacer.gif" Entity="msmedia_mediaasset" Client="All,Outlook,OutlookLaptopClient,OutlookWorkstationClient,Web" AvailableOffline="true" PassParams="false" Sku="All,OnPremise,Live,SPLA" />
            <SubArea Id="SubArea_AssetBlocks" Icon="/_imgs/imagestrips/transparent_spacer.gif" Entity="msmedia_assetblock" Client="All,Outlook,OutlookLaptopClient,OutlookWorkstationClient,Web" AvailableOffline="true" PassParams="false" Sku="All,OnPremise,Live,SPLA" />
            <SubArea Id="SubArea_AssetFileLocations" Icon="/_imgs/imagestrips/transparent_spacer.gif" Entity="msmedia_assetfilelocation" Client="All,Outlook,OutlookLaptopClient,OutlookWorkstationClient,Web" AvailableOffline="true" PassParams="false" Sku="All,OnPremise,Live,SPLA">
              <Titles>
                <Title LCID="1033" Title="Asset File Locations" />
              </Titles>
            </SubArea>
            <SubArea Id="SubArea_Vendors" Icon="/_imgs/imagestrips/transparent_spacer.gif" Entity="account" Client="All,Outlook,OutlookLaptopClient,OutlookWorkstationClient,Web" AvailableOffline="true" PassParams="false" Sku="All,OnPremise,Live,SPLA">
              <Titles>
                <Title LCID="1033" Title="Vendors" />
              </Titles>
            </SubArea>
          </Group>
          <Group Id="Search" ResourceId="SitemapDesigner.NewGroup" IsProfile="false" ToolTipResourseId="SitemapDesigner.Unknown">
            <Titles>
              <Title LCID="1033" Title="Search" />
            </Titles>
            <SubArea Id="SubArea_SearchMetadata" ResourceId="SitemapDesigner.NewSubArea" VectorIcon="/WebResources/msmedia_AssetMetadataIconSVG" Icon="/WebResources/msmedia_AssetMetadataIconSVG" Url="/main.aspx?pagetype=entitylist&amp;etn=msmedia_mediaasset&amp;viewid=a42a74e5-029d-eb11-b1ac-002248221d0d&amp;viewType=1039" Client="All,Outlook,OutlookLaptopClient,OutlookWorkstationClient,Web" AvailableOffline="true" PassParams="false" Sku="All,OnPremise,Live,SPLA">
              <Titles>
                <Title LCID="1033" Title="Search Metadata" />
              </Titles>
            </SubArea>
          </Group>
        </Area>
      </SiteMap>
      <LocalizedNames>
        <LocalizedName description="Content Production" languagecode="1033" />
      </LocalizedNames>
    </AppModuleSiteMap>
  </AppModuleSiteMaps>
  <AppModules>
    <AppModule>
      <UniqueName>msmedia_ContentProduction</UniqueName>
      <IntroducedVersion>1.0.0.0</IntroducedVersion>
      <WebResourceId>953b9fac-1e5e-e611-80d6-00155ded156f</WebResourceId>
      <OptimizedFor></OptimizedFor>
      <statecode>0</statecode>
      <statuscode>1</statuscode>
      <FormFactor>1</FormFactor>
      <ClientType>4</ClientType>
      <NavigationType>0</NavigationType>
      <AppModuleComponents>
        <AppModuleComponent type="62" schemaName="msmedia_ContentProduction" />
        <AppModuleComponent type="60" id="{fb8b9801-2de9-eb11-bacb-000d3a9a6108}" />
        <AppModuleComponent type="60" id="{7e7993b7-86ca-eb11-bacc-000d3a1d5465}" />
        <AppModuleComponent type="1" schemaName="account" />
        <AppModuleComponent type="1" schemaName="activitypointer" />
        <AppModuleComponent type="1" schemaName="appointment" />
        <AppModuleComponent type="1" schemaName="msmedia_mediaasset" />
        <AppModuleComponent type="1" schemaName="msmedia_assetblock" />
        <AppModuleComponent type="1" schemaName="msmedia_assetfilelocation" />
        <AppModuleComponent type="1" schemaName="msmedia_assetmetadata" />
        <AppModuleComponent type="1" schemaName="msmedia_assetmetadataattribute" />
        <AppModuleComponent type="1" schemaName="email" />
        <AppModuleComponent type="1" schemaName="msmedia_episode" />
        <AppModuleComponent type="1" schemaName="fax" />
        <AppModuleComponent type="1" schemaName="msmedia_mediaassetactivity" />
        <AppModuleComponent type="1" schemaName="msmedia_mediaassetfile" />
        <AppModuleComponent type="1" schemaName="msmedia_showseason" />
        <AppModuleComponent type="1" schemaName="msmedia_show" />
        <AppModuleComponent type="1" schemaName="msmedia_showvendormapping" />
        <AppModuleComponent type="1" schemaName="msmedia_studio" />
        <AppModuleComponent type="1" schemaName="task" />
      </AppModuleComponents>
      <AppModuleRoleMaps>
        <Role id="{627090ff-40a3-4053-8790-584edc5be201}" />
        <Role id="{119f245c-3cc8-4b62-b31c-d1a046ced15d}" />
      </AppModuleRoleMaps>
      <LocalizedNames>
        <LocalizedName description="Content Production" languagecode="1033" />
      </LocalizedNames>
      <Descriptions>
        <Description description="Content Production" languagecode="1033" />
      </Descriptions>
    </AppModule>
  </AppModules>
  <EntityDataProviders />
  <Languages>
    <Language>1033</Language>
  </Languages>
</ImportExportXml>