﻿<?xml version="1.0" encoding="utf-8"?>
<ImportExportXml version="9.2.21064.148" SolutionPackageVersion="9.2" languagecode="1033" generatedBy="CrmLive" xmlns:xsi="http://www.w3.org/2001/XMLSchema-instance">
  <SolutionManifest>
    <UniqueName>MediaContentProductionCDM</UniqueName>
    <LocalizedNames>
      <LocalizedName description="Media Content Production CDM" languagecode="1033" />
    </LocalizedNames>
    <Descriptions />
    <Version>2.0.3.5</Version>
    <Managed>1</Managed>
    <Publisher>
      <UniqueName>microsoftdynamics365media</UniqueName>
      <LocalizedNames>
        <LocalizedName description="Microsoft Dynamics 365 Media" languagecode="1033" />
      </LocalizedNames>
      <Descriptions />
      <EMailAddress xsi:nil="true"></EMailAddress>
      <SupportingWebsiteUrl xsi:nil="true"></SupportingWebsiteUrl>
      <CustomizationPrefix>msmedia</CustomizationPrefix>
      <CustomizationOptionValuePrefix>76686</CustomizationOptionValuePrefix>
      <Addresses>
        <Address>
          <AddressNumber>1</AddressNumber>
          <AddressTypeCode>1</AddressTypeCode>
          <City xsi:nil="true"></City>
          <County xsi:nil="true"></County>
          <Country xsi:nil="true"></Country>
          <Fax xsi:nil="true"></Fax>
          <FreightTermsCode xsi:nil="true"></FreightTermsCode>
          <ImportSequenceNumber xsi:nil="true"></ImportSequenceNumber>
          <Latitude xsi:nil="true"></Latitude>
          <Line1 xsi:nil="true"></Line1>
          <Line2 xsi:nil="true"></Line2>
          <Line3 xsi:nil="true"></Line3>
          <Longitude xsi:nil="true"></Longitude>
          <Name xsi:nil="true"></Name>
          <PostalCode xsi:nil="true"></PostalCode>
          <PostOfficeBox xsi:nil="true"></PostOfficeBox>
          <PrimaryContactName xsi:nil="true"></PrimaryContactName>
          <ShippingMethodCode>1</ShippingMethodCode>
          <StateOrProvince xsi:nil="true"></StateOrProvince>
          <Telephone1 xsi:nil="true"></Telephone1>
          <Telephone2 xsi:nil="true"></Telephone2>
          <Telephone3 xsi:nil="true"></Telephone3>
          <TimeZoneRuleVersionNumber xsi:nil="true"></TimeZoneRuleVersionNumber>
          <UPSZone xsi:nil="true"></UPSZone>
          <UTCOffset xsi:nil="true"></UTCOffset>
          <UTCConversionTimeZoneCode xsi:nil="true"></UTCConversionTimeZoneCode>
        </Address>
        <Address>
          <AddressNumber>2</AddressNumber>
          <AddressTypeCode>1</AddressTypeCode>
          <City xsi:nil="true"></City>
          <County xsi:nil="true"></County>
          <Country xsi:nil="true"></Country>
          <Fax xsi:nil="true"></Fax>
          <FreightTermsCode xsi:nil="true"></FreightTermsCode>
          <ImportSequenceNumber xsi:nil="true"></ImportSequenceNumber>
          <Latitude xsi:nil="true"></Latitude>
          <Line1 xsi:nil="true"></Line1>
          <Line2 xsi:nil="true"></Line2>
          <Line3 xsi:nil="true"></Line3>
          <Longitude xsi:nil="true"></Longitude>
          <Name xsi:nil="true"></Name>
          <PostalCode xsi:nil="true"></PostalCode>
          <PostOfficeBox xsi:nil="true"></PostOfficeBox>
          <PrimaryContactName xsi:nil="true"></PrimaryContactName>
          <ShippingMethodCode>1</ShippingMethodCode>
          <StateOrProvince xsi:nil="true"></StateOrProvince>
          <Telephone1 xsi:nil="true"></Telephone1>
          <Telephone2 xsi:nil="true"></Telephone2>
          <Telephone3 xsi:nil="true"></Telephone3>
          <TimeZoneRuleVersionNumber xsi:nil="true"></TimeZoneRuleVersionNumber>
          <UPSZone xsi:nil="true"></UPSZone>
          <UTCOffset xsi:nil="true"></UTCOffset>
          <UTCConversionTimeZoneCode xsi:nil="true"></UTCConversionTimeZoneCode>
        </Address>
      </Addresses>
    </Publisher>
    <RootComponents>
      <RootComponent type="1" schemaName="account" behavior="1" />
      <RootComponent type="1" schemaName="msmedia_assetblock" behavior="0" />
      <RootComponent type="1" schemaName="msmedia_assetfilelocation" behavior="0" />
      <RootComponent type="1" schemaName="msmedia_assetmetadata" behavior="0" />
      <RootComponent type="1" schemaName="msmedia_assetmetadataattribute" behavior="0" />
      <RootComponent type="1" schemaName="msmedia_episode" behavior="0" />
      <RootComponent type="1" schemaName="msmedia_mediaasset" behavior="1" />
      <RootComponent type="1" schemaName="msmedia_mediaassetactivity" behavior="0" />
      <RootComponent type="1" schemaName="msmedia_mediaassetfile" behavior="0" />
      <RootComponent type="1" schemaName="msmedia_show" behavior="0" />
      <RootComponent type="1" schemaName="msmedia_showseason" behavior="0" />
      <RootComponent type="1" schemaName="msmedia_showvendormapping" behavior="0" />
      <RootComponent type="1" schemaName="msmedia_studio" behavior="0" />
      <RootComponent type="1" schemaName="msmedia_track" behavior="0" />
      <RootComponent type="9" schemaName="msmedia_activitystatus" behavior="0" />
      <RootComponent type="9" schemaName="msmedia_activitytype" behavior="0" />
      <RootComponent type="9" schemaName="msmedia_assettype" behavior="0" />
      <RootComponent type="9" schemaName="msmedia_checksumstatus" behavior="0" />
      <RootComponent type="9" schemaName="msmedia_digitalformat" behavior="0" />
      <RootComponent type="9" schemaName="msmedia_fileformat" behavior="0" />
      <RootComponent type="9" schemaName="msmedia_filesizestatus" behavior="0" />
      <RootComponent type="9" schemaName="msmedia_filesystem" behavior="0" />
      <RootComponent type="9" schemaName="msmedia_filesystemforcontentpublishing" behavior="0" />
      <RootComponent type="9" schemaName="msmedia_metadatastatus" behavior="0" />
      <RootComponent type="9" schemaName="msmedia_type" behavior="0" />
      <RootComponent type="9" schemaName="msmedia_uploadstatus" behavior="0" />
      <RootComponent type="9" schemaName="msmedia_virusscanstatus" behavior="0" />
      <RootComponent type="29" id="{cf293993-b0de-496b-9b82-03cb7b7f21cb}" behavior="0" />
      <RootComponent type="29" id="{d1abe0bc-b4ca-4e8a-b579-6863b44c8ec9}" behavior="0" />
      <RootComponent type="60" id="{00324ccf-82b8-eb11-8236-000d3a1392e2}" behavior="0" />
      <RootComponent type="60" id="{082a497e-2a86-4489-a589-fe671e177831}" behavior="0" />
      <RootComponent type="60" id="{192af323-f7a0-470e-a667-6bddba947ccd}" behavior="0" />
      <RootComponent type="60" id="{2944a16f-6870-49fc-95e7-41cac7077a64}" behavior="0" />
      <RootComponent type="60" id="{2da417bc-d265-481f-bae6-ffc6eba3c135}" behavior="0" />
      <RootComponent type="60" id="{3092f826-dbb4-49c3-9a79-1c2edeb2e5be}" behavior="0" />
      <RootComponent type="60" id="{39556d59-9385-4bfa-a4a9-a5e2b823c8d1}" behavior="0" />
      <RootComponent type="60" id="{44979930-05cc-4722-a29a-7bde0cb0fef7}" behavior="0" />
      <RootComponent type="60" id="{4dab48d2-f617-4a76-8786-1dee06b98cec}" behavior="0" />
      <RootComponent type="60" id="{4f336840-7484-46fe-913d-603c08d26bb0}" behavior="0" />
      <RootComponent type="60" id="{605f1e9b-f19f-4778-a6ea-5028fba734cd}" behavior="0" />
      <RootComponent type="60" id="{6834f3d2-db23-4d8b-9788-b1443ba6e3fb}" behavior="0" />
      <RootComponent type="60" id="{68c77e73-e409-4ddd-a8dd-ce51699ee871}" behavior="0" />
      <RootComponent type="60" id="{6f5f85c7-192e-4cb0-974b-b4cc96d400c1}" behavior="0" />
      <RootComponent type="60" id="{70ad84df-1d99-eb11-b1ac-000d3a8ddaec}" behavior="0" />
      <RootComponent type="60" id="{714ce793-2b7c-4dc9-8bb4-34efc1c3e91f}" behavior="0" />
      <RootComponent type="60" id="{7c89df25-dfdc-4514-bb32-2ab74b52c69e}" behavior="0" />
      <RootComponent type="60" id="{8448b78f-8f42-454e-8e2a-f8196b0419af}" />
      <RootComponent type="60" id="{898cbab4-42a8-439e-961a-998160d2fc03}" behavior="0" />
      <RootComponent type="60" id="{8a7694c5-a132-4b42-90d9-b1d6a40f9b5c}" behavior="0" />
      <RootComponent type="60" id="{915b5675-25f2-4d14-aacd-b4c74a8b1dd1}" behavior="0" />
      <RootComponent type="60" id="{a5220f0c-b7f2-40cf-8373-9f7b72f1265f}" behavior="0" />
      <RootComponent type="60" id="{b83d595d-e4c1-40f3-8588-caa091d8f9bc}" behavior="0" />
      <RootComponent type="60" id="{bc5196d5-c0b7-eb11-8236-000d3a1392e2}" behavior="0" />
      <RootComponent type="60" id="{ca7405eb-ed38-4c11-a186-b53c20a5fafc}" behavior="0" />
      <RootComponent type="60" id="{eba0604f-ea48-4634-844e-c14c6ab580e4}" behavior="0" />
      <RootComponent type="60" id="{ed764ff6-b1f4-410d-9dcc-a60895dd07dd}" behavior="0" />
      <RootComponent type="61" schemaName="msmedia_AssetBlockIcon16" behavior="0" />
      <RootComponent type="61" schemaName="msmedia_AssetBlockIcon32" behavior="0" />
      <RootComponent type="61" schemaName="msmedia_AssetBlockIconSVG" behavior="0" />
      <RootComponent type="61" schemaName="msmedia_AssetFileIcon16" behavior="0" />
      <RootComponent type="61" schemaName="msmedia_AssetFileIcon32" behavior="0" />
      <RootComponent type="61" schemaName="msmedia_AssetFileIconSVG" behavior="0" />
      <RootComponent type="61" schemaName="msmedia_AssetFileLocationIcon16" behavior="0" />
      <RootComponent type="61" schemaName="msmedia_AssetFileLocationIcon32" behavior="0" />
      <RootComponent type="61" schemaName="msmedia_AssetFileLocationIconSVG" behavior="0" />
      <RootComponent type="61" schemaName="msmedia_AssetMetadataAttributeIcon16" behavior="0" />
      <RootComponent type="61" schemaName="msmedia_AssetMetadataAttributeIcon32" behavior="0" />
      <RootComponent type="61" schemaName="msmedia_AssetMetadataAttributeIconSVG" behavior="0" />
      <RootComponent type="61" schemaName="msmedia_AssetMetadataIcon16" behavior="0" />
      <RootComponent type="61" schemaName="msmedia_AssetMetadataIcon32" behavior="0" />
      <RootComponent type="61" schemaName="msmedia_AssetMetadataIconSVG" behavior="0" />
      <RootComponent type="61" schemaName="msmedia_assetutility.js" behavior="0" />
      <RootComponent type="61" schemaName="msmedia_EpisodeIcon16" behavior="0" />
      <RootComponent type="61" schemaName="msmedia_EpisodeIcon32" behavior="0" />
      <RootComponent type="61" schemaName="msmedia_EpisodeIconSVG" behavior="0" />
      <RootComponent type="61" schemaName="msmedia_MediaAssetActivityIcon16" behavior="0" />
      <RootComponent type="61" schemaName="msmedia_MediaAssetActivityIcon32" behavior="0" />
      <RootComponent type="61" schemaName="msmedia_MediaAssetActivityIconSVG" behavior="0" />
      <RootComponent type="61" schemaName="msmedia_MediaAssetFileIcon16" behavior="0" />
      <RootComponent type="61" schemaName="msmedia_MediaAssetFileIcon32" behavior="0" />
      <RootComponent type="61" schemaName="msmedia_MediaAssetFileIconSVG" behavior="0" />
      <RootComponent type="61" schemaName="msmedia_SeasonIcon16" behavior="0" />
      <RootComponent type="61" schemaName="msmedia_SeasonIcon32" behavior="0" />
      <RootComponent type="61" schemaName="msmedia_SeasonIconSVG" behavior="0" />
      <RootComponent type="61" schemaName="msmedia_ShowIcon16" behavior="0" />
      <RootComponent type="61" schemaName="msmedia_ShowIcon32" behavior="0" />
      <RootComponent type="61" schemaName="msmedia_ShowIconSVG" behavior="0" />
      <RootComponent type="61" schemaName="msmedia_ShowVendorMappingIcon16" behavior="0" />
      <RootComponent type="61" schemaName="msmedia_ShowVendorMappingIcon32" behavior="0" />
      <RootComponent type="61" schemaName="msmedia_ShowVendorMappingIconSVG" behavior="0" />
      <RootComponent type="61" schemaName="msmedia_StudioIcon16" behavior="0" />
      <RootComponent type="61" schemaName="msmedia_StudioIcon32" behavior="0" />
      <RootComponent type="61" schemaName="msmedia_StudioIconSVG" behavior="0" />
      <RootComponent type="61" schemaName="msmedia_TrackIcon16" behavior="0" />
      <RootComponent type="61" schemaName="msmedia_TrackIcon32" behavior="0" />
      <RootComponent type="61" schemaName="msmedia_TrackIconSVG" behavior="0" />
      <RootComponent type="431" schemaName="msmedia_show msmedia_logo" behavior="0" />
      <RootComponent type="431" schemaName="msmedia_studio msmedia_logo" behavior="0" />
      <RootComponent type="432" schemaName="msmedia_show" behavior="0" />
      <RootComponent type="432" schemaName="msmedia_studio" behavior="0" />
    </RootComponents>
    <MissingDependencies>
      <MissingDependency>
        <Required type="1" schemaName="msmedia_mediaasset" displayName="Asset" solution="MediaAssetCDM (1.1.3.5)" />
        <Dependent type="1" schemaName="msmedia_mediaasset" displayName="Asset" />
      </MissingDependency>
      <MissingDependency>
        <Required type="1" schemaName="msmedia_mediaassetcategory" displayName="Media Asset Category" solution="MediaAssetCDM (1.1.3.5)" />
        <Dependent type="10" schemaName="msmedia_MediaAsset_Category_msmedia_Media" displayName="msmedia_MediaAsset_Category_msmedia_Media" parentSchemaName="msmedia_mediaasset" parentDisplayName="Asset" />
      </MissingDependency>
      <MissingDependency>
        <Required type="2" schemaName="createdby" displayName="Created By" parentSchemaName="msmedia_mediaasset" parentDisplayName="Asset" solution="Active" />
        <Dependent type="60" displayName=" main form" parentDisplayName="Asset" id="{70ad84df-1d99-eb11-b1ac-000d3a8ddaec}" />
      </MissingDependency>
      <MissingDependency>
        <Required type="2" schemaName="createdon" displayName="Created On" parentSchemaName="msmedia_mediaasset" parentDisplayName="Asset" solution="MediaAssetCDM (1.1.3.5)" />
        <Dependent type="60" displayName=" main form" parentDisplayName="Asset" id="{70ad84df-1d99-eb11-b1ac-000d3a8ddaec}" />
      </MissingDependency>
      <MissingDependency>
        <Required type="2" schemaName="modifiedby" displayName="Modified By" parentSchemaName="msmedia_mediaasset" parentDisplayName="Asset" solution="Active" />
        <Dependent type="60" displayName=" main form" parentDisplayName="Asset" id="{70ad84df-1d99-eb11-b1ac-000d3a8ddaec}" />
      </MissingDependency>
      <MissingDependency>
        <Required type="2" schemaName="modifiedon" displayName="Modified On" parentSchemaName="msmedia_mediaasset" parentDisplayName="Asset" solution="MediaAssetCDM (1.1.3.5)" />
        <Dependent type="60" displayName=" main form" parentDisplayName="Asset" id="{70ad84df-1d99-eb11-b1ac-000d3a8ddaec}" />
      </MissingDependency>
      <MissingDependency>
        <Required type="2" schemaName="msmedia_mediaassetid" displayName="Media Asset" parentSchemaName="msmedia_mediaasset" parentDisplayName="Asset" solution="MediaAssetCDM (1.1.3.5)" />
        <Dependent type="10" schemaName="msmedia_MediaAssetFile_Asset_msmedia_Medi" displayName="msmedia_MediaAssetFile_Asset_msmedia_Medi" parentSchemaName="msmedia_mediaasset" parentDisplayName="Asset" />
      </MissingDependency>
      <MissingDependency>
        <Required type="2" schemaName="msmedia_mediaassetid" displayName="Media Asset" parentSchemaName="msmedia_mediaasset" parentDisplayName="Asset" solution="MediaAssetCDM (1.1.3.5)" />
        <Dependent type="10" schemaName="msmedia_msmedia_mediaasset_msmedia_assetmetadata_Asset" displayName="msmedia_msmedia_mediaasset_msmedia_assetmetadata_Asset" parentSchemaName="msmedia_mediaasset" parentDisplayName="Asset" />
      </MissingDependency>
      <MissingDependency>
        <Required type="2" schemaName="msmedia_mediaassetid" displayName="Media Asset" parentSchemaName="msmedia_mediaasset" parentDisplayName="Asset" solution="MediaAssetCDM (1.1.3.5)" />
        <Dependent type="2" schemaName="msmedia_isdigital" displayName="Is Digital" parentSchemaName="msmedia_mediaasset" parentDisplayName="Asset" />
      </MissingDependency>
      <MissingDependency>
        <Required type="2" schemaName="msmedia_mediaassetid" displayName="Media Asset" parentSchemaName="msmedia_mediaasset" parentDisplayName="Asset" solution="MediaAssetCDM (1.1.3.5)" />
        <Dependent type="26" schemaName="Active Media Assets" displayName="Active Media Assets" parentSchemaName="msmedia_mediaasset" parentDisplayName="Asset" id="{1311fa04-ec9e-4287-9d02-81b652748a2f}" />
      </MissingDependency>
      <MissingDependency>
        <Required type="2" schemaName="msmedia_mediaassetid" displayName="Media Asset" parentSchemaName="msmedia_mediaasset" parentDisplayName="Asset" solution="MediaAssetCDM (1.1.3.5)" />
        <Dependent type="26" schemaName="Active Media Assets with Metadata" displayName="Active Media Assets with Metadata" parentSchemaName="msmedia_mediaasset" parentDisplayName="Asset" id="{a42a74e5-029d-eb11-b1ac-002248221d0d}" />
      </MissingDependency>
      <MissingDependency>
        <Required type="2" schemaName="msmedia_mediaassetid" displayName="Media Asset" parentSchemaName="msmedia_mediaasset" parentDisplayName="Asset" solution="MediaAssetCDM (1.1.3.5)" />
        <Dependent type="26" schemaName="Related Assets view" displayName="Related Assets view" parentSchemaName="msmedia_mediaasset" parentDisplayName="Asset" id="{f16f1d4c-92a2-eb11-b1ac-000d3a53ffbd}" />
      </MissingDependency>
      <MissingDependency>
        <Required type="2" schemaName="ownerid" displayName="Owner" parentSchemaName="msmedia_mediaasset" parentDisplayName="Asset" solution="Active" />
        <Dependent type="60" displayName=" main form" parentDisplayName="Asset" id="{70ad84df-1d99-eb11-b1ac-000d3a8ddaec}" />
      </MissingDependency>
      <MissingDependency>
        <Required type="2" schemaName="statecode" displayName="Status" parentSchemaName="msmedia_mediaasset" parentDisplayName="Asset" solution="MediaAssetCDM (1.1.3.5)" />
        <Dependent type="26" schemaName="Active Media Assets" displayName="Active Media Assets" parentSchemaName="msmedia_mediaasset" parentDisplayName="Asset" id="{1311fa04-ec9e-4287-9d02-81b652748a2f}" />
      </MissingDependency>
      <MissingDependency>
        <Required type="2" schemaName="statecode" displayName="Status" parentSchemaName="msmedia_mediaasset" parentDisplayName="Asset" solution="MediaAssetCDM (1.1.3.5)" />
        <Dependent type="26" schemaName="Active Media Assets with Metadata" displayName="Active Media Assets with Metadata" parentSchemaName="msmedia_mediaasset" parentDisplayName="Asset" id="{a42a74e5-029d-eb11-b1ac-002248221d0d}" />
      </MissingDependency>
      <MissingDependency>
        <Required type="2" schemaName="statecode" displayName="Status" parentSchemaName="msmedia_mediaasset" parentDisplayName="Asset" solution="MediaAssetCDM (1.1.3.5)" />
        <Dependent type="26" schemaName="Related Assets view" displayName="Related Assets view" parentSchemaName="msmedia_mediaasset" parentDisplayName="Asset" id="{f16f1d4c-92a2-eb11-b1ac-000d3a53ffbd}" />
      </MissingDependency>
      <MissingDependency>
        <Required type="2" schemaName="statecode" displayName="Status" parentSchemaName="msmedia_mediaasset" parentDisplayName="Asset" solution="MediaAssetCDM (1.1.3.5)" />
        <Dependent type="60" displayName=" main form" parentDisplayName="Asset" id="{70ad84df-1d99-eb11-b1ac-000d3a8ddaec}" />
      </MissingDependency>
      <MissingDependency>
        <Required type="2" schemaName="msmedia_mediaassetcategoryid" displayName="Media Asset Category" parentSchemaName="msmedia_mediaassetcategory" parentDisplayName="Media Asset Category" solution="MediaAssetCDM (1.1.3.5)" />
        <Dependent type="10" schemaName="msmedia_MediaAsset_Category_msmedia_Media" displayName="msmedia_MediaAsset_Category_msmedia_Media" parentSchemaName="msmedia_mediaasset" parentDisplayName="Asset" />
      </MissingDependency>
      <MissingDependency>
        <Required type="2" schemaName="msmedia_name" displayName="Name" parentSchemaName="msmedia_mediaassetcategory" parentDisplayName="Media Asset Category" solution="MediaAssetCDM (1.1.3.5)" />
        <Dependent type="10" schemaName="msmedia_MediaAsset_Category_msmedia_Media" displayName="msmedia_MediaAsset_Category_msmedia_Media" parentSchemaName="msmedia_mediaasset" parentDisplayName="Asset" />
      </MissingDependency>
      <MissingDependency>
        <Required type="60" displayName="account contact card" parentDisplayName="Contact" solution="msdynce_AppCommon (9.0.4.0066)" id="{29de27bc-a257-4f29-99cf-bab4a84e688f}" />
        <Dependent type="60" displayName="Account" parentDisplayName="Account" id="{8448b78f-8f42-454e-8e2a-f8196b0419af}" />
      </MissingDependency>
      <MissingDependency>
        <Required type="60" displayName="Account" parentDisplayName="Account" solution="msdynce_AppCommon (9.0.4.0066)" id="{8448b78f-8f42-454e-8e2a-f8196b0419af}" />
        <Dependent type="60" displayName="Account" parentDisplayName="Account" id="{8448b78f-8f42-454e-8e2a-f8196b0419af}" />
      </MissingDependency>
      <MissingDependency>
        <Required type="61" schemaName="msmedia_MediaAssetsSVG" displayName="msmedia_MediaAssetsSVG" solution="MediaAssetCDM (1.1.3.5)" />
        <Dependent type="1" schemaName="msmedia_mediaasset" displayName="Asset" />
      </MissingDependency>
      <MissingDependency>
        <Required type="66" schemaName="MscrmControls.CardFeedContainer.CardFeedContainer" displayName="MscrmControls.CardFeedContainer.CardFeedContainer" solution="BaseCustomControlsCore (9.0.2106.4016)" />
        <Dependent type="60" displayName="Account" parentDisplayName="Account" id="{8448b78f-8f42-454e-8e2a-f8196b0419af}" />
      </MissingDependency>
      <MissingDependency>
        <Required type="66" schemaName="MscrmControls.RichTextEditor.RichTextEditorControl" displayName="MscrmControls.RichTextEditor.RichTextEditorControl" solution="msdyn_RichTextEditor (1.0.0.1054)" />
        <Dependent type="60" displayName="Information" parentDisplayName="Studio" id="{2da417bc-d265-481f-bae6-ffc6eba3c135}" />
      </MissingDependency>
      <MissingDependency>
        <Required type="66" schemaName="MscrmControls.RichTextEditor.RichTextEditorControl" displayName="MscrmControls.RichTextEditor.RichTextEditorControl" solution="msdyn_RichTextEditor (1.0.0.1054)" />
        <Dependent type="60" displayName="Information" parentDisplayName="Show" id="{3092f826-dbb4-49c3-9a79-1c2edeb2e5be}" />
      </MissingDependency>
      <MissingDependency>
        <Required type="66" schemaName="MscrmControls.RichTextEditor.RichTextEditorControl" displayName="MscrmControls.RichTextEditor.RichTextEditorControl" solution="msdyn_RichTextEditor (1.0.0.1054)" />
        <Dependent type="60" displayName="Information" parentDisplayName="Season" id="{44979930-05cc-4722-a29a-7bde0cb0fef7}" />
      </MissingDependency>
      <MissingDependency>
        <Required type="66" schemaName="MscrmControls.RichTextEditor.RichTextEditorControl" displayName="MscrmControls.RichTextEditor.RichTextEditorControl" solution="msdyn_RichTextEditor (1.0.0.1054)" />
        <Dependent type="60" displayName="Information" parentDisplayName="Episode" id="{68c77e73-e409-4ddd-a8dd-ce51699ee871}" />
      </MissingDependency>
      <MissingDependency>
        <Required type="9" schemaName="msmedia_assettype" displayName="Asset Type" solution="MediaAssetCDM (1.1.3.5)" />
        <Dependent type="9" schemaName="msmedia_assettype" displayName="Asset Type" />
      </MissingDependency>
    </MissingDependencies>
  </SolutionManifest>
</ImportExportXml>