﻿<?xml version="1.0" encoding="utf-8"?>
<ImportExportXml xmlns:xsi="http://www.w3.org/2001/XMLSchema-instance">
  <Entities />
  <Roles />
  <Workflows />
  <FieldSecurityProfiles />
  <Templates />
  <EntityMaps />
  <EntityRelationships />
  <OrganizationSettings />
  <optionsets />
  <Dashboards>
    <Dashboard>
      <LocalizedNames>
        <LocalizedName description="Events/Venues Dashboard" languagecode="1033" />
      </LocalizedNames>
      <FormId>{f0794271-1580-ea11-a812-000d3a1abe26}</FormId>
      <IsDefault>0</IsDefault>
      <FormXml>
        <forms type="dashboard">
          <form>
            <tabs>
              <tab showlabel="false" verticallayout="true" id="{a62a7566-1069-4171-bc30-c33b2aa00e1c}">
                <labels>
                  <label description="Tab" languagecode="1033" />
                </labels>
                <columns>
                  <column width="100%">
                    <sections>
                      <section showlabel="false" showbar="false" columns="111" id="{1a604fd4-9165-4a99-8e91-4b68bca59234}">
                        <labels>
                          <label description="Section" languagecode="1033" />
                        </labels>
                        <rows>
                          <row>
                            <cell colspan="2" rowspan="12" showlabel="false" id="{9489e27e-87a5-4ef4-8df9-0ff17cb83a6e}" auto="false">
                              <labels>
                                <label description="Media Events" languagecode="1033" />
                              </labels>
                              <control id="Component345f026" uniqueid="{ce27a492-2e75-cba9-9c72-5bcb8201836e}" classid="{E7A81278-8635-4d9e-8D4D-59480B391C5B}" indicationOfSubgrid="true">
                                <parameters>
                                  <TargetEntityType>msmedia_mediaevent</TargetEntityType>
                                  <ChartGridMode>Grid</ChartGridMode>
                                  <EnableQuickFind>true</EnableQuickFind>
                                  <EnableViewPicker>true</EnableViewPicker>
                                  <EnableJumpBar>true</EnableJumpBar>
                                  <RecordsPerPage>8</RecordsPerPage>
                                  <HeaderColorCode>#F3F3F3</HeaderColorCode>
                                  <ViewId>{489E32DF-6E70-EA11-A811-000D3A1AB88B}</ViewId>
                                  <IsUserView>false</IsUserView>
                                  <ViewIds>{B5F9695F-915F-4AB4-8871-F00602EBAB4E},{489E32DF-6E70-EA11-A811-000D3A1AB88B}</ViewIds>
                                  <AutoExpand>Fixed</AutoExpand>
                                  <VisualizationId>{F87E8704-1780-EA11-A812-000D3A1ABE26}</VisualizationId>
                                  <IsUserChart>false</IsUserChart>
                                  <EnableChartPicker>false</EnableChartPicker>
                                  <RelationshipName />
                                </parameters>
                              </control>
                            </cell>
                            <cell colspan="1" rowspan="12" showlabel="false" id="{f1a40b57-4f4b-4c97-8be1-81090d386eda}" auto="false">
                              <labels>
                                <label description="Media Events" languagecode="1033" />
                              </labels>
                              <control id="Componentfee6422" uniqueid="{9171057c-e780-adbd-e6d4-3aa3e89d8c99}" classid="{E7A81278-8635-4d9e-8D4D-59480B391C5B}" indicationOfSubgrid="true">
                                <parameters>
                                  <TargetEntityType>msmedia_mediaevent</TargetEntityType>
                                  <ChartGridMode>Chart</ChartGridMode>
                                  <EnableQuickFind>false</EnableQuickFind>
                                  <EnableViewPicker>false</EnableViewPicker>
                                  <EnableJumpBar>false</EnableJumpBar>
                                  <RecordsPerPage>10</RecordsPerPage>
                                  <HeaderColorCode />
                                  <ViewId>{B5F9695F-915F-4AB4-8871-F00602EBAB4E}</ViewId>
                                  <IsUserView>false</IsUserView>
                                  <ViewIds />
                                  <AutoExpand>Fixed</AutoExpand>
                                  <VisualizationId>{37C2BB59-1D80-EA11-A812-000D3A1ABE26}</VisualizationId>
                                  <IsUserChart>false</IsUserChart>
                                  <EnableChartPicker>false</EnableChartPicker>
                                  <RelationshipName />
                                </parameters>
                              </control>
                            </cell>
                          </row>
                          <row />
                          <row />
                          <row />
                          <row />
                          <row />
                          <row />
                          <row />
                          <row />
                          <row />
                          <row />
                          <row />
                          <row>
                            <cell colspan="1" rowspan="12" showlabel="false" id="{4ac1397c-cb2a-41bb-9e4b-f6a34455daa8}" auto="false">
                              <labels>
                                <label description="Media Events" languagecode="1033" />
                              </labels>
                              <control id="Componentd647ca9" uniqueid="{5ead5ad5-55cd-d87a-827d-a6d786b9aaeb}" classid="{E7A81278-8635-4d9e-8D4D-59480B391C5B}" indicationOfSubgrid="true">
                                <parameters>
                                  <TargetEntityType>msmedia_mediaevent</TargetEntityType>
                                  <ChartGridMode>Chart</ChartGridMode>
                                  <EnableQuickFind>false</EnableQuickFind>
                                  <EnableViewPicker>false</EnableViewPicker>
                                  <EnableJumpBar>false</EnableJumpBar>
                                  <RecordsPerPage>12</RecordsPerPage>
                                  <HeaderColorCode>#F3F3F3</HeaderColorCode>
                                  <ViewId>{B5F9695F-915F-4AB4-8871-F00602EBAB4E}</ViewId>
                                  <IsUserView>false</IsUserView>
                                  <ViewIds>{B5F9695F-915F-4AB4-8871-F00602EBAB4E}</ViewIds>
                                  <AutoExpand>Fixed</AutoExpand>
                                  <VisualizationId>{F87E8704-1780-EA11-A812-000D3A1ABE26}</VisualizationId>
                                  <IsUserChart>false</IsUserChart>
                                  <EnableChartPicker>false</EnableChartPicker>
                                  <RelationshipName />
                                </parameters>
                              </control>
                            </cell>
                            <cell colspan="2" rowspan="12" showlabel="false" id="{7e51b1de-02f1-473c-8b72-47c0e07e27f0}" auto="false">
                              <labels>
                                <label description="Media Events" languagecode="1033" />
                              </labels>
                              <control id="Component1da064d" uniqueid="{249ee549-32d2-b381-9330-2c3a778b9e5e}" classid="{E7A81278-8635-4d9e-8D4D-59480B391C5B}" indicationOfSubgrid="true">
                                <parameters>
                                  <TargetEntityType>msmedia_mediaevent</TargetEntityType>
                                  <ChartGridMode>Chart</ChartGridMode>
                                  <EnableQuickFind>false</EnableQuickFind>
                                  <EnableViewPicker>false</EnableViewPicker>
                                  <EnableJumpBar>false</EnableJumpBar>
                                  <RecordsPerPage>10</RecordsPerPage>
                                  <HeaderColorCode />
                                  <ViewId>{B5F9695F-915F-4AB4-8871-F00602EBAB4E}</ViewId>
                                  <IsUserView>false</IsUserView>
                                  <ViewIds />
                                  <AutoExpand>Fixed</AutoExpand>
                                  <VisualizationId>{D79F5438-FF80-EA11-A812-000D3A1AB88B}</VisualizationId>
                                  <IsUserChart>false</IsUserChart>
                                  <EnableChartPicker>false</EnableChartPicker>
                                  <RelationshipName />
                                </parameters>
                              </control>
                            </cell>
                          </row>
                          <row />
                          <row />
                          <row />
                          <row />
                          <row />
                          <row />
                          <row />
                          <row />
                          <row />
                          <row />
                          <row />
                          <row>
                            <cell id="{816dcc95-d213-6ba9-924a-ee6b9aba8a78}" showlabel="false">
                              <labels>
                                <label description="" languagecode="1033" />
                              </labels>
                            </cell>
                            <cell id="{5c41d483-6b8a-e6cb-b747-161c0ee486a0}" showlabel="false">
                              <labels>
                                <label description="" languagecode="1033" />
                              </labels>
                            </cell>
                            <cell colspan="1" rowspan="12" showlabel="false" ispreviewcell="true" id="{ab5e22cb-da07-434f-9c99-c3d78064266f}">
                              <labels>
                                <label description="" languagecode="1033" />
                              </labels>
                            </cell>
                          </row>
                          <row>
                            <cell id="{dd772b01-1d9a-a652-9931-c180e9687ac3}" showlabel="false">
                              <labels>
                                <label description="" languagecode="1033" />
                              </labels>
                            </cell>
                            <cell id="{9de27b22-50c4-3254-90e8-03011d8b51de}" showlabel="false">
                              <labels>
                                <label description="" languagecode="1033" />
                              </labels>
                            </cell>
                          </row>
                          <row>
                            <cell id="{35792a39-42cb-9a88-4a55-166cd91a0064}" showlabel="false">
                              <labels>
                                <label description="" languagecode="1033" />
                              </labels>
                            </cell>
                            <cell id="{7a19c913-2789-e8ac-abd8-c768b1654282}" showlabel="false">
                              <labels>
                                <label description="" languagecode="1033" />
                              </labels>
                            </cell>
                          </row>
                          <row>
                            <cell id="{ca7315d7-5a9a-9c3a-50b3-70bd1d0c8ecd}" showlabel="false">
                              <labels>
                                <label description="" languagecode="1033" />
                              </labels>
                            </cell>
                            <cell id="{92b057de-b6ee-b761-7a2c-0d8470184b20}" showlabel="false">
                              <labels>
                                <label description="" languagecode="1033" />
                              </labels>
                            </cell>
                          </row>
                          <row>
                            <cell id="{b93c61ec-0470-e759-27c8-39839a0589d4}" showlabel="false">
                              <labels>
                                <label description="" languagecode="1033" />
                              </labels>
                            </cell>
                            <cell id="{b2dc59d9-42a0-07cb-1975-c77bc8498e0c}" showlabel="false">
                              <labels>
                                <label description="" languagecode="1033" />
                              </labels>
                            </cell>
                          </row>
                          <row>
                            <cell id="{8225d559-8304-0367-e674-915c496670e9}" showlabel="false">
                              <labels>
                                <label description="" languagecode="1033" />
                              </labels>
                            </cell>
                            <cell id="{bcbbb130-7c47-9312-4313-57eca55aec57}" showlabel="false">
                              <labels>
                                <label description="" languagecode="1033" />
                              </labels>
                            </cell>
                          </row>
                          <row>
                            <cell id="{a08d799d-470a-cc90-5db1-0e278a582cd2}" showlabel="false">
                              <labels>
                                <label description="" languagecode="1033" />
                              </labels>
                            </cell>
                            <cell id="{d005e467-5a3b-6d5c-8c75-83ead0566891}" showlabel="false">
                              <labels>
                                <label description="" languagecode="1033" />
                              </labels>
                            </cell>
                          </row>
                          <row>
                            <cell id="{ba8c5b9a-0dbb-da16-70d1-1d428d54345e}" showlabel="false">
                              <labels>
                                <label description="" languagecode="1033" />
                              </labels>
                            </cell>
                            <cell id="{39a12500-d0ad-0e05-2840-464530469ab8}" showlabel="false">
                              <labels>
                                <label description="" languagecode="1033" />
                              </labels>
                            </cell>
                          </row>
                          <row>
                            <cell id="{ac21b0b6-b905-38d2-2188-90979c1ab1ec}" showlabel="false">
                              <labels>
                                <label description="" languagecode="1033" />
                              </labels>
                            </cell>
                            <cell id="{ab7d7831-c496-1ae1-99d0-696817a47ab0}" showlabel="false">
                              <labels>
                                <label description="" languagecode="1033" />
                              </labels>
                            </cell>
                          </row>
                          <row>
                            <cell id="{70d58e4c-65aa-5c82-12cc-cd58c551bcd0}" showlabel="false">
                              <labels>
                                <label description="" languagecode="1033" />
                              </labels>
                            </cell>
                            <cell id="{d70814a9-bd27-5548-b38d-b2846de10229}" showlabel="false">
                              <labels>
                                <label description="" languagecode="1033" />
                              </labels>
                            </cell>
                          </row>
                          <row>
                            <cell id="{e3464ddc-399a-8d54-0de3-03cbdd9a32b2}" showlabel="false">
                              <labels>
                                <label description="" languagecode="1033" />
                              </labels>
                            </cell>
                            <cell id="{aa0ab757-6c76-c541-19a5-6a3e804b6e3b}" showlabel="false">
                              <labels>
                                <label description="" languagecode="1033" />
                              </labels>
                            </cell>
                          </row>
                          <row>
                            <cell id="{4a2b3608-221d-7097-d6b4-c4ae3a1de7c2}" showlabel="false">
                              <labels>
                                <label description="" languagecode="1033" />
                              </labels>
                            </cell>
                            <cell id="{0c4643ca-dc3a-517c-827e-6e013c9cde92}" showlabel="false">
                              <labels>
                                <label description="" languagecode="1033" />
                              </labels>
                            </cell>
                          </row>
                        </rows>
                      </section>
                    </sections>
                  </column>
                </columns>
              </tab>
            </tabs>
            <controlDescriptions />
          </form>
        </forms>
      </FormXml>
      <IntroducedVersion>1.0.0.32</IntroducedVersion>
      <IsTabletEnabled>0</IsTabletEnabled>
    </Dashboard>
  </Dashboards>
  <WebResources>
    <WebResource>
      <WebResourceId>{f1b65058-6a99-ea11-a811-000d3a17769f}</WebResourceId>
      <Name>msmedia_EventVenueManagementSVG</Name>
      <DisplayName>Event/Venue Management SVG</DisplayName>
      <WebResourceType>11</WebResourceType>
      <IntroducedVersion>1.0.0.10</IntroducedVersion>
      <IsEnabledForMobileClient>1</IsEnabledForMobileClient>
      <IsAvailableForMobileOffline>0</IsAvailableForMobileOffline>
      <DependencyXml>&lt;Dependencies&gt;&lt;Dependency componentType="WebResource"/&gt;&lt;/Dependencies&gt;</DependencyXml>
      <IsCustomizable>1</IsCustomizable>
      <CanBeDeleted>1</CanBeDeleted>
      <IsHidden>0</IsHidden>
      <FileName>/WebResources/msmedia_EventVenueManagementSVGF1B65058-6A99-EA11-A811-000D3A17769F</FileName>
    </WebResource>
    <WebResource>
      <WebResourceId>{84603607-6899-ea11-a811-000d3a17769f}</WebResourceId>
      <Name>msmedia_GuestManagementSVG</Name>
      <DisplayName>Guest Management SVG</DisplayName>
      <WebResourceType>11</WebResourceType>
      <IntroducedVersion>1.0.0.10</IntroducedVersion>
      <IsEnabledForMobileClient>0</IsEnabledForMobileClient>
      <IsAvailableForMobileOffline>0</IsAvailableForMobileOffline>
      <DependencyXml>&lt;Dependencies&gt;&lt;Dependency componentType="WebResource"/&gt;&lt;/Dependencies&gt;</DependencyXml>
      <IsCustomizable>1</IsCustomizable>
      <CanBeDeleted>1</CanBeDeleted>
      <IsHidden>0</IsHidden>
      <FileName>/WebResources/msmedia_GuestManagementSVG84603607-6899-EA11-A811-000D3A17769F</FileName>
    </WebResource>
    <WebResource>
      <WebResourceId>{bd5022c4-6999-ea11-a811-000d3a17769f}</WebResourceId>
      <Name>msmedia_SportsManagementSVG</Name>
      <DisplayName>Sports Management SVG</DisplayName>
      <WebResourceType>11</WebResourceType>
      <IntroducedVersion>1.0.0.10</IntroducedVersion>
      <IsEnabledForMobileClient>0</IsEnabledForMobileClient>
      <IsAvailableForMobileOffline>0</IsAvailableForMobileOffline>
      <DependencyXml>&lt;Dependencies&gt;&lt;Dependency componentType="WebResource"/&gt;&lt;/Dependencies&gt;</DependencyXml>
      <IsCustomizable>1</IsCustomizable>
      <CanBeDeleted>1</CanBeDeleted>
      <IsHidden>0</IsHidden>
      <FileName>/WebResources/msmedia_SportsManagementSVGBD5022C4-6999-EA11-A811-000D3A17769F</FileName>
    </WebResource>
  </WebResources>
  <CustomControls />
  <AppModuleSiteMaps>
    <AppModuleSiteMap>
      <SiteMapUniqueName>msmedia_EventVenueManagement</SiteMapUniqueName>
      <SiteMap IntroducedVersion="7.0.0.0">
        <Area Id="msmedia_mediapp" ResourceId="SitemapDesigner.NewArea" DescriptionResourceId="SitemapDesigner.NewArea" ShowGroups="true" IntroducedVersion="7.0.0.0">
          <Titles>
            <Title LCID="1033" Title="Sales" />
          </Titles>
          <Group Id="NewGroup_f7b5be55" ResourceId="SitemapDesigner.NewGroup" IsProfile="false" ToolTipResourseId="SitemapDesigner.Unknown">
            <Titles>
              <Title LCID="1033" Title="Analytics" />
            </Titles>
            <SubArea Id="NewSubArea_020aab83" ResourceId="Homepage_Dashboards" DescriptionResourceId="Dashboards_Description" Icon="/_imgs/imagestrips/transparent_spacer.gif" Url="/workplace/home_dashboards.aspx" DefaultDashboard="d1f511a8-1ead-e211-bb72-00155da9a201" Client="All,Outlook,OutlookLaptopClient,OutlookWorkstationClient,Web" AvailableOffline="true" PassParams="false" Sku="All,OnPremise,Live,SPLA" />
          </Group>
          <Group Id="msmedia_eventmanagement" ResourceId="SitemapDesigner.NewGroup" DescriptionResourceId="SitemapDesigner.NewGroup" IntroducedVersion="7.0.0.0" IsProfile="false" ToolTipResourseId="SitemapDesigner.Unknown">
            <Titles>
              <Title LCID="1033" Title="Event Management" />
            </Titles>
            <SubArea Id="NewSubArea_cc2fd0b1" Icon="/_imgs/imagestrips/transparent_spacer.gif" Entity="msmedia_mediaevent" Client="All,Outlook,OutlookLaptopClient,OutlookWorkstationClient,Web" AvailableOffline="true" PassParams="false" Sku="All,OnPremise,Live,SPLA" />
            <SubArea Id="NewSubArea_b8dafc87" Icon="/_imgs/imagestrips/transparent_spacer.gif" Entity="msmedia_eventattraction" Client="All,Outlook,OutlookLaptopClient,OutlookWorkstationClient,Web" AvailableOffline="true" PassParams="false" Sku="All,OnPremise,Live,SPLA" />
            <SubArea Id="NewSubArea_4b1b10e" Icon="/_imgs/imagestrips/transparent_spacer.gif" Entity="msmedia_talent" Client="All,Outlook,OutlookLaptopClient,OutlookWorkstationClient,Web" AvailableOffline="true" PassParams="false" Sku="All,OnPremise,Live,SPLA" />
            <SubArea Id="NewSubArea_c713e642" Icon="/_imgs/imagestrips/transparent_spacer.gif" Entity="msmedia_season" Client="All,Outlook,OutlookLaptopClient,OutlookWorkstationClient,Web" AvailableOffline="true" PassParams="false" Sku="All,OnPremise,Live,SPLA" />
          </Group>
          <Group Id="msmedia_venuemanagement" ResourceId="SitemapDesigner.NewGroup" IsProfile="false" ToolTipResourseId="SitemapDesigner.Unknown">
            <Titles>
              <Title LCID="1033" Title="Venue Management" />
            </Titles>
            <SubArea Id="NewSubArea_b054088e" Icon="/_imgs/imagestrips/transparent_spacer.gif" Entity="msmedia_mediavenue" Client="All,Outlook,OutlookLaptopClient,OutlookWorkstationClient,Web" AvailableOffline="true" PassParams="false" Sku="All,OnPremise,Live,SPLA" />
            <SubArea Id="NewSubArea_6d3600ca" Icon="/_imgs/imagestrips/transparent_spacer.gif" Entity="msmedia_concessionpartner" Client="All,Outlook,OutlookLaptopClient,OutlookWorkstationClient,Web" AvailableOffline="true" PassParams="false" Sku="All,OnPremise,Live,SPLA" />
            <SubArea Id="NewSubArea_4e4116eb" Icon="/_imgs/imagestrips/transparent_spacer.gif" Entity="msmedia_concessionstand" Client="All,Outlook,OutlookLaptopClient,OutlookWorkstationClient,Web" AvailableOffline="true" PassParams="false" Sku="All,OnPremise,Live,SPLA" />
            <SubArea Id="NewSubArea_89def84f" Icon="/_imgs/imagestrips/transparent_spacer.gif" Entity="msmedia_attraction" Client="All,Outlook,OutlookLaptopClient,OutlookWorkstationClient,Web" AvailableOffline="true" PassParams="false" Sku="All,OnPremise,Live,SPLA" />
            <SubArea Id="NewSubArea_fcd89c94" Icon="/_imgs/imagestrips/transparent_spacer.gif" Entity="msmedia_attractiontrack" Client="All,Outlook,OutlookLaptopClient,OutlookWorkstationClient,Web" AvailableOffline="true" PassParams="false" Sku="All,OnPremise,Live,SPLA" />
            <SubArea Id="NewSubArea_5d07a853" Icon="/_imgs/imagestrips/transparent_spacer.gif" Entity="msmedia_mediaasset" Client="All,Outlook,OutlookLaptopClient,OutlookWorkstationClient,Web" AvailableOffline="true" PassParams="false" Sku="All,OnPremise,Live,SPLA" />
            <SubArea Id="NewSubArea_c28eaed5" Icon="/_imgs/imagestrips/transparent_spacer.gif" Entity="msmedia_mediaassetcategory" Client="All,Outlook,OutlookLaptopClient,OutlookWorkstationClient,Web" AvailableOffline="true" PassParams="false" Sku="All,OnPremise,Live,SPLA" />
            <SubArea Id="NewSubArea_70881375" Icon="/_imgs/imagestrips/transparent_spacer.gif" Entity="msmedia_dispenser" Client="All,Outlook,OutlookLaptopClient,OutlookWorkstationClient,Web" AvailableOffline="true" PassParams="false" Sku="All,OnPremise,Live,SPLA" />
          </Group>
        </Area>
      </SiteMap>
      <LocalizedNames>
        <LocalizedName description="Event/Venue Management" languagecode="1033" />
      </LocalizedNames>
    </AppModuleSiteMap>
    <AppModuleSiteMap>
      <SiteMapUniqueName>msmedia_GuestManagement</SiteMapUniqueName>
      <SiteMap IntroducedVersion="7.0.0.0">
        <Area Id="msmedia_mediapp" ResourceId="SitemapDesigner.NewArea" DescriptionResourceId="SitemapDesigner.NewArea" ShowGroups="true" IntroducedVersion="7.0.0.0">
          <Titles>
            <Title LCID="1033" Title="Sales" />
          </Titles>
          <Group Id="NewGroup_f7b5be55" ResourceId="SitemapDesigner.NewGroup" IsProfile="false" ToolTipResourseId="SitemapDesigner.Unknown">
            <Titles>
              <Title LCID="1033" Title="Analytics" />
            </Titles>
            <SubArea Id="NewSubArea_020aab83" ResourceId="Homepage_Dashboards" DescriptionResourceId="Dashboards_Description" Icon="/_imgs/imagestrips/transparent_spacer.gif" Url="/workplace/home_dashboards.aspx" DefaultDashboard="d1f511a8-1ead-e211-bb72-00155da9a201" Client="All,Outlook,OutlookLaptopClient,OutlookWorkstationClient,Web" AvailableOffline="true" PassParams="false" Sku="All,OnPremise,Live,SPLA" />
          </Group>
          <Group Id="msmedia_administration" ResourceId="SitemapDesigner.NewGroup" IsProfile="false" ToolTipResourseId="SitemapDesigner.Unknown">
            <Titles>
              <Title LCID="1033" Title="Customers" />
            </Titles>
            <SubArea Id="NewSubArea_a45eef8c" Icon="/_imgs/imagestrips/transparent_spacer.gif" Entity="msmedia_guest" Client="All,Outlook,OutlookLaptopClient,OutlookWorkstationClient,Web" AvailableOffline="true" PassParams="false" Sku="All,OnPremise,Live,SPLA">
              <Titles>
                <Title LCID="1033" Title="Fans &amp; Guests" />
              </Titles>
            </SubArea>
            <SubArea Id="NewSubArea_6d97d56" Icon="/_imgs/imagestrips/transparent_spacer.gif" Entity="msmedia_guestcategory" Client="All,Outlook,OutlookLaptopClient,OutlookWorkstationClient,Web" AvailableOffline="true" PassParams="false" Sku="All,OnPremise,Live,SPLA" />
            <SubArea Id="NewSubArea_6236fbe6" Icon="/_imgs/imagestrips/transparent_spacer.gif" Entity="msmedia_loyaltyprogram" Client="All,Outlook,OutlookLaptopClient,OutlookWorkstationClient,Web" AvailableOffline="true" PassParams="false" Sku="All,OnPremise,Live,SPLA" />
            <SubArea Id="NewSubArea_616f5fab" Icon="/_imgs/imagestrips/transparent_spacer.gif" Entity="contact" Client="All,Outlook,OutlookLaptopClient,OutlookWorkstationClient,Web" AvailableOffline="true" PassParams="false" Sku="All,OnPremise,Live,SPLA" />
            <SubArea Id="NewSubArea_69c7ef28" Icon="/_imgs/imagestrips/transparent_spacer.gif" Entity="account" Client="All,Outlook,OutlookLaptopClient,OutlookWorkstationClient,Web" AvailableOffline="true" PassParams="false" Sku="All,OnPremise,Live,SPLA" />
          </Group>
          <Group Id="NewGroup_14c14ea7" ResourceId="SitemapDesigner.NewGroup" IsProfile="false" ToolTipResourseId="SitemapDesigner.Unknown">
            <Titles>
              <Title LCID="1033" Title="Activities" />
            </Titles>
            <SubArea Id="NewSubArea_65aa0fe2" Icon="/_imgs/imagestrips/transparent_spacer.gif" Entity="activitypointer" Client="All,Outlook,OutlookLaptopClient,OutlookWorkstationClient,Web" AvailableOffline="true" PassParams="false" Sku="All,OnPremise,Live,SPLA" />
          </Group>
        </Area>
      </SiteMap>
      <LocalizedNames>
        <LocalizedName description="Guest Management" languagecode="1033" />
      </LocalizedNames>
    </AppModuleSiteMap>
    <AppModuleSiteMap>
      <SiteMapUniqueName>msmedia_SportsManagement</SiteMapUniqueName>
      <SiteMap IntroducedVersion="7.0.0.0">
        <Area Id="msmedia_mediapp" ResourceId="SitemapDesigner.NewArea" DescriptionResourceId="SitemapDesigner.NewArea" ShowGroups="true" IntroducedVersion="7.0.0.0">
          <Titles>
            <Title LCID="1033" Title="Sport Management" />
          </Titles>
          <Group Id="NewGroup_f7b5be55" ResourceId="SitemapDesigner.NewGroup" IsProfile="false" ToolTipResourseId="SitemapDesigner.Unknown">
            <Titles>
              <Title LCID="1033" Title="Analytics" />
            </Titles>
            <SubArea Id="NewSubArea_020aab83" ResourceId="Homepage_Dashboards" DescriptionResourceId="Dashboards_Description" Icon="/_imgs/imagestrips/transparent_spacer.gif" Url="/workplace/home_dashboards.aspx" DefaultDashboard="d1f511a8-1ead-e211-bb72-00155da9a201" Client="All,Outlook,OutlookLaptopClient,OutlookWorkstationClient,Web" AvailableOffline="true" PassParams="false" Sku="All,OnPremise,Live,SPLA" />
          </Group>
          <Group Id="NewGroup_26cbb0e4" ResourceId="SitemapDesigner.NewGroup" IsProfile="false" ToolTipResourseId="SitemapDesigner.Unknown">
            <Titles>
              <Title LCID="1033" Title="Sports Administration" />
            </Titles>
            <SubArea Id="NewSubArea_15048288" Icon="/_imgs/imagestrips/transparent_spacer.gif" Entity="msmedia_league" Client="All,Outlook,OutlookLaptopClient,OutlookWorkstationClient,Web" AvailableOffline="true" PassParams="false" Sku="All,OnPremise,Live,SPLA" />
            <SubArea Id="NewSubArea_2600d645" Icon="/_imgs/imagestrips/transparent_spacer.gif" Entity="msmedia_sportsteam" Client="All,Outlook,OutlookLaptopClient,OutlookWorkstationClient,Web" AvailableOffline="true" PassParams="false" Sku="All,OnPremise,Live,SPLA">
              <Titles>
                <Title LCID="1033" Title="Teams" />
              </Titles>
            </SubArea>
            <SubArea Id="NewSubArea_485a99e3" Icon="/_imgs/imagestrips/transparent_spacer.gif" Entity="msmedia_sportsplayer" Client="All,Outlook,OutlookLaptopClient,OutlookWorkstationClient,Web" AvailableOffline="true" PassParams="false" Sku="All,OnPremise,Live,SPLA">
              <Titles>
                <Title LCID="1033" Title="Players" />
              </Titles>
            </SubArea>
            <SubArea Id="NewSubArea_6856c03" Icon="/_imgs/imagestrips/transparent_spacer.gif" Entity="msmedia_sportingconference" Client="All,Outlook,OutlookLaptopClient,OutlookWorkstationClient,Web" AvailableOffline="true" PassParams="false" Sku="All,OnPremise,Live,SPLA">
              <Titles>
                <Title LCID="1033" Title="Conferences" />
              </Titles>
            </SubArea>
            <SubArea Id="NewSubArea_69528a6c" Icon="/_imgs/imagestrips/transparent_spacer.gif" Entity="msmedia_sportingdivision" Client="All,Outlook,OutlookLaptopClient,OutlookWorkstationClient,Web" AvailableOffline="true" PassParams="false" Sku="All,OnPremise,Live,SPLA">
              <Titles>
                <Title LCID="1033" Title="Divisons" />
              </Titles>
            </SubArea>
            <SubArea Id="NewSubArea_aa1d2b02" Icon="/_imgs/imagestrips/transparent_spacer.gif" Entity="msmedia_season" Client="All,Outlook,OutlookLaptopClient,OutlookWorkstationClient,Web" AvailableOffline="true" PassParams="false" Sku="All,OnPremise,Live,SPLA" />
            <SubArea Id="NewSubArea_14675a36" Icon="/_imgs/imagestrips/transparent_spacer.gif" Entity="msmedia_round" Client="All,Outlook,OutlookLaptopClient,OutlookWorkstationClient,Web" AvailableOffline="true" PassParams="false" Sku="All,OnPremise,Live,SPLA" />
          </Group>
          <Group Id="NewGroup_de347977" ResourceId="SitemapDesigner.NewGroup" IsProfile="false" ToolTipResourseId="SitemapDesigner.Unknown">
            <Titles>
              <Title LCID="1033" Title="Events &amp; Venues" />
            </Titles>
            <SubArea Id="NewSubArea_563dcf55" Icon="/_imgs/imagestrips/transparent_spacer.gif" Entity="msmedia_mediaevent" Client="All,Outlook,OutlookLaptopClient,OutlookWorkstationClient,Web" AvailableOffline="true" PassParams="false" Sku="All,OnPremise,Live,SPLA">
              <Titles>
                <Title LCID="1033" Title="Events" />
              </Titles>
            </SubArea>
            <SubArea Id="NewSubArea_6993ed18" Icon="/_imgs/imagestrips/transparent_spacer.gif" Entity="msmedia_mediavenue" Client="All,Outlook,OutlookLaptopClient,OutlookWorkstationClient,Web" AvailableOffline="true" PassParams="false" Sku="All,OnPremise,Live,SPLA">
              <Titles>
                <Title LCID="1033" Title="Venues" />
              </Titles>
            </SubArea>
            <SubArea Id="NewSubArea_82226429" Icon="/_imgs/imagestrips/transparent_spacer.gif" Entity="msmedia_playingfield" Client="All,Outlook,OutlookLaptopClient,OutlookWorkstationClient,Web" AvailableOffline="true" PassParams="false" Sku="All,OnPremise,Live,SPLA" />
          </Group>
          <Group Id="msmedia_administration" ResourceId="SitemapDesigner.NewGroup" IsProfile="false" ToolTipResourseId="SitemapDesigner.Unknown">
            <Titles>
              <Title LCID="1033" Title="Customers" />
            </Titles>
            <SubArea Id="NewSubArea_a45eef8c" Icon="/_imgs/imagestrips/transparent_spacer.gif" Entity="msmedia_guest" Client="All,Outlook,OutlookLaptopClient,OutlookWorkstationClient,Web" AvailableOffline="true" PassParams="false" Sku="All,OnPremise,Live,SPLA">
              <Titles>
                <Title LCID="1033" Title="Fans &amp; Guests" />
              </Titles>
            </SubArea>
            <SubArea Id="NewSubArea_04c62f62" Icon="/_imgs/imagestrips/transparent_spacer.gif" Entity="msmedia_loyaltyprogram" Client="All,Outlook,OutlookLaptopClient,OutlookWorkstationClient,Web" AvailableOffline="true" PassParams="false" Sku="All,OnPremise,Live,SPLA" />
            <SubArea Id="NewSubArea_69c7ef28" Icon="/_imgs/imagestrips/transparent_spacer.gif" Entity="account" Client="All,Outlook,OutlookLaptopClient,OutlookWorkstationClient,Web" AvailableOffline="true" PassParams="false" Sku="All,OnPremise,Live,SPLA" />
            <SubArea Id="NewSubArea_616f5fab" Icon="/_imgs/imagestrips/transparent_spacer.gif" Entity="contact" Client="All,Outlook,OutlookLaptopClient,OutlookWorkstationClient,Web" AvailableOffline="true" PassParams="false" Sku="All,OnPremise,Live,SPLA" />
          </Group>
          <Group Id="NewGroup_14c14ea7" ResourceId="SitemapDesigner.NewGroup" IsProfile="false" ToolTipResourseId="SitemapDesigner.Unknown">
            <Titles>
              <Title LCID="1033" Title="Activities" />
            </Titles>
            <SubArea Id="NewSubArea_65aa0fe2" Icon="/_imgs/imagestrips/transparent_spacer.gif" Entity="activitypointer" Client="All,Outlook,OutlookLaptopClient,OutlookWorkstationClient,Web" AvailableOffline="true" PassParams="false" Sku="All,OnPremise,Live,SPLA" />
          </Group>
        </Area>
      </SiteMap>
      <LocalizedNames>
        <LocalizedName description="Sports Management" languagecode="1033" />
      </LocalizedNames>
    </AppModuleSiteMap>
  </AppModuleSiteMaps>
  <AppModules>
    <AppModule>
      <UniqueName>msmedia_EventVenueManagement</UniqueName>
      <IntroducedVersion>1.0.0.0</IntroducedVersion>
      <WebResourceId>f1b65058-6a99-ea11-a811-000d3a17769f</WebResourceId>
      <OptimizedFor></OptimizedFor>
      <statecode>0</statecode>
      <statuscode>1</statuscode>
      <FormFactor>1</FormFactor>
      <ClientType>4</ClientType>
      <NavigationType>0</NavigationType>
      <AppModuleComponents>
        <AppModuleComponent type="62" schemaName="msmedia_EventVenueManagement" />
        <AppModuleComponent type="60" id="{f0794271-1580-ea11-a812-000d3a1abe26}" />
        <AppModuleComponent type="1" schemaName="account" />
        <AppModuleComponent type="26" id="{00000000-0000-0000-00aa-000010001002}" />
        <AppModuleComponent type="26" id="{65ffaf9a-e8c5-432d-860b-32f841b00d87}" />
        <AppModuleComponent type="26" id="{00000000-0000-0000-00aa-000010001031}" />
        <AppModuleComponent type="1" schemaName="activitypointer" />
        <AppModuleComponent type="1" schemaName="msmedia_attraction" />
        <AppModuleComponent type="1" schemaName="msmedia_attractiontrack" />
        <AppModuleComponent type="1" schemaName="msmedia_concessionpartner" />
        <AppModuleComponent type="1" schemaName="msmedia_concessionstand" />
        <AppModuleComponent type="1" schemaName="contact" />
        <AppModuleComponent type="26" id="{00000000-0000-0000-00aa-000010001004}" />
        <AppModuleComponent type="26" id="{0d5d377b-5e7c-47b5-bab1-a5cb8b4ac105}" />
        <AppModuleComponent type="26" id="{00000000-0000-0000-00aa-000010001033}" />
        <AppModuleComponent type="1" schemaName="msmedia_dispenser" />
        <AppModuleComponent type="1" schemaName="msmedia_eventattraction" />
        <AppModuleComponent type="1" schemaName="msmedia_guest" />
        <AppModuleComponent type="1" schemaName="msmedia_mediaasset" />
        <AppModuleComponent type="1" schemaName="msmedia_mediaassetcategory" />
        <AppModuleComponent type="1" schemaName="msmedia_mediaevent" />
        <AppModuleComponent type="60" id="{e4cd67d3-614d-4c2f-ad0d-690c89bf7357}" />
        <AppModuleComponent type="60" id="{386b48bd-039a-4357-a2b8-49d6ba9acff0}" />
        <AppModuleComponent type="26" id="{b5f9695f-915f-4ab4-8871-f00602ebab4e}" />
        <AppModuleComponent type="26" id="{489e32df-6e70-ea11-a811-000d3a1ab88b}" />
        <AppModuleComponent type="26" id="{198ae71f-1266-4e36-b421-c854766528c5}" />
        <AppModuleComponent type="26" id="{aea8f0ae-c91c-4e2c-97e4-a1efd601ac8f}" />
        <AppModuleComponent type="26" id="{2c42a1a6-55aa-439d-9aec-1ba61b34fe81}" />
        <AppModuleComponent type="26" id="{dab06b2f-8252-4505-b844-84229eabf472}" />
        <AppModuleComponent type="1" schemaName="msmedia_mediavenue" />
        <AppModuleComponent type="60" id="{a069d92f-c63c-4e5a-a189-627c79434c49}" />
        <AppModuleComponent type="60" id="{dc47b1db-8d04-49ce-a909-74980567297c}" />
        <AppModuleComponent type="1" schemaName="msmedia_season" />
        <AppModuleComponent type="1" schemaName="msmedia_talent" />
      </AppModuleComponents>
      <AppModuleRoleMaps>
        <Role id="{627090ff-40a3-4053-8790-584edc5be201}" />
        <Role id="{119f245c-3cc8-4b62-b31c-d1a046ced15d}" />
      </AppModuleRoleMaps>
      <LocalizedNames>
        <LocalizedName description="Event/Venue Management" languagecode="1033" />
      </LocalizedNames>
    </AppModule>
    <AppModule>
      <UniqueName>msmedia_GuestManagement</UniqueName>
      <IntroducedVersion>1.0.0.0</IntroducedVersion>
      <WebResourceId>84603607-6899-ea11-a811-000d3a17769f</WebResourceId>
      <OptimizedFor></OptimizedFor>
      <statecode>0</statecode>
      <statuscode>1</statuscode>
      <FormFactor>1</FormFactor>
      <ClientType>4</ClientType>
      <NavigationType>0</NavigationType>
      <AppModuleComponents>
        <AppModuleComponent type="62" schemaName="msmedia_GuestManagement" />
        <AppModuleComponent type="60" id="{11fab6fd-bb82-ea11-a812-000d3a33f47e}" />
        <AppModuleComponent type="1" schemaName="account" />
        <AppModuleComponent type="26" id="{00000000-0000-0000-00aa-000010001002}" />
        <AppModuleComponent type="26" id="{65ffaf9a-e8c5-432d-860b-32f841b00d87}" />
        <AppModuleComponent type="26" id="{00000000-0000-0000-00aa-000010001031}" />
        <AppModuleComponent type="1" schemaName="activitypointer" />
        <AppModuleComponent type="1" schemaName="msmedia_attraction" />
        <AppModuleComponent type="1" schemaName="contact" />
        <AppModuleComponent type="26" id="{00000000-0000-0000-00aa-000010001004}" />
        <AppModuleComponent type="26" id="{0d5d377b-5e7c-47b5-bab1-a5cb8b4ac105}" />
        <AppModuleComponent type="26" id="{00000000-0000-0000-00aa-000010001033}" />
        <AppModuleComponent type="1" schemaName="msmedia_guest" />
        <AppModuleComponent type="1" schemaName="msmedia_guestcategory" />
        <AppModuleComponent type="1" schemaName="msmedia_loyaltyprogram" />
        <AppModuleComponent type="1" schemaName="msmedia_mediaevent" />
        <AppModuleComponent type="1" schemaName="msmedia_mediavenue" />
      </AppModuleComponents>
      <AppModuleRoleMaps>
        <Role id="{627090ff-40a3-4053-8790-584edc5be201}" />
        <Role id="{119f245c-3cc8-4b62-b31c-d1a046ced15d}" />
      </AppModuleRoleMaps>
      <LocalizedNames>
        <LocalizedName description="Guest Management" languagecode="1033" />
      </LocalizedNames>
    </AppModule>
    <AppModule>
      <UniqueName>msmedia_SportsManagement</UniqueName>
      <IntroducedVersion>1.0.0.0</IntroducedVersion>
      <WebResourceId>bd5022c4-6999-ea11-a811-000d3a17769f</WebResourceId>
      <OptimizedFor></OptimizedFor>
      <statecode>0</statecode>
      <statuscode>1</statuscode>
      <FormFactor>1</FormFactor>
      <ClientType>4</ClientType>
      <NavigationType>0</NavigationType>
      <AppModuleComponents>
        <AppModuleComponent type="62" schemaName="msmedia_SportsManagement" />
        <AppModuleComponent type="60" id="{8624ed5a-c684-ea11-a812-000d3a579ca8}" />
        <AppModuleComponent type="1" schemaName="account" />
        <AppModuleComponent type="26" id="{00000000-0000-0000-00aa-000010001002}" />
        <AppModuleComponent type="26" id="{65ffaf9a-e8c5-432d-860b-32f841b00d87}" />
        <AppModuleComponent type="26" id="{00000000-0000-0000-00aa-000010001031}" />
        <AppModuleComponent type="1" schemaName="activitypointer" />
        <AppModuleComponent type="1" schemaName="msmedia_attraction" />
        <AppModuleComponent type="1" schemaName="contact" />
        <AppModuleComponent type="26" id="{00000000-0000-0000-00aa-000010001004}" />
        <AppModuleComponent type="26" id="{0d5d377b-5e7c-47b5-bab1-a5cb8b4ac105}" />
        <AppModuleComponent type="26" id="{00000000-0000-0000-00aa-000010001033}" />
        <AppModuleComponent type="1" schemaName="msmedia_guest" />
        <AppModuleComponent type="1" schemaName="msmedia_mediaevent" />
        <AppModuleComponent type="60" id="{386b48bd-039a-4357-a2b8-49d6ba9acff0}" />
        <AppModuleComponent type="60" id="{a9f7c407-7089-ea11-a812-000d3a4e3831}" />
        <AppModuleComponent type="26" id="{aea8f0ae-c91c-4e2c-97e4-a1efd601ac8f}" />
        <AppModuleComponent type="26" id="{2c42a1a6-55aa-439d-9aec-1ba61b34fe81}" />
        <AppModuleComponent type="26" id="{dab06b2f-8252-4505-b844-84229eabf472}" />
        <AppModuleComponent type="26" id="{e2b0c214-7978-ea11-a811-000d3a1abe26}" />
        <AppModuleComponent type="1" schemaName="msmedia_mediavenue" />
        <AppModuleComponent type="60" id="{a069d92f-c63c-4e5a-a189-627c79434c49}" />
        <AppModuleComponent type="60" id="{dc47b1db-8d04-49ce-a909-74980567297c}" />
      </AppModuleComponents>
      <AppModuleRoleMaps>
        <Role id="{627090ff-40a3-4053-8790-584edc5be201}" />
        <Role id="{119f245c-3cc8-4b62-b31c-d1a046ced15d}" />
      </AppModuleRoleMaps>
      <LocalizedNames>
        <LocalizedName description="Sports Management" languagecode="1033" />
      </LocalizedNames>
    </AppModule>
  </AppModules>
  <EntityDataProviders />
  <Languages>
    <Language>1033</Language>
  </Languages>
</ImportExportXml>