<ImportExportXml version="9.2.21064.148" SolutionPackageVersion="9.2" languagecode="1033" generatedBy="CrmLive" xmlns:xsi="http://www.w3.org/2001/XMLSchema-instance">
  <SolutionManifest>
    <UniqueName>MediaApps</UniqueName>
    <LocalizedNames>
      <LocalizedName description="Media Apps" languagecode="1033" />
    </LocalizedNames>
    <Descriptions />
    <Version>2.0.2.7</Version>
    <Managed>1</Managed>
    <Publisher>
      <UniqueName>microsoftdynamics365medianew</UniqueName>
      <LocalizedNames>
        <LocalizedName description="Microsoft Dynamics 365 Media New" languagecode="1033" />
      </LocalizedNames>
      <Descriptions />
      <EMailAddress xsi:nil="true"></EMailAddress>
      <SupportingWebsiteUrl xsi:nil="true"></SupportingWebsiteUrl>
      <CustomizationPrefix>msmedia</CustomizationPrefix>
      <CustomizationOptionValuePrefix>76686</CustomizationOptionValuePrefix>
      <Addresses>
        <Address>
          <AddressNumber>1</AddressNumber>
          <AddressTypeCode>1</AddressTypeCode>
          <City xsi:nil="true"></City>
          <County xsi:nil="true"></County>
          <Country xsi:nil="true"></Country>
          <Fax xsi:nil="true"></Fax>
          <FreightTermsCode xsi:nil="true"></FreightTermsCode>
          <ImportSequenceNumber xsi:nil="true"></ImportSequenceNumber>
          <Latitude xsi:nil="true"></Latitude>
          <Line1 xsi:nil="true"></Line1>
          <Line2 xsi:nil="true"></Line2>
          <Line3 xsi:nil="true"></Line3>
          <Longitude xsi:nil="true"></Longitude>
          <Name xsi:nil="true"></Name>
          <PostalCode xsi:nil="true"></PostalCode>
          <PostOfficeBox xsi:nil="true"></PostOfficeBox>
          <PrimaryContactName xsi:nil="true"></PrimaryContactName>
          <ShippingMethodCode>1</ShippingMethodCode>
          <StateOrProvince xsi:nil="true"></StateOrProvince>
          <Telephone1 xsi:nil="true"></Telephone1>
          <Telephone2 xsi:nil="true"></Telephone2>
          <Telephone3 xsi:nil="true"></Telephone3>
          <TimeZoneRuleVersionNumber xsi:nil="true"></TimeZoneRuleVersionNumber>
          <UPSZone xsi:nil="true"></UPSZone>
          <UTCOffset xsi:nil="true"></UTCOffset>
          <UTCConversionTimeZoneCode xsi:nil="true"></UTCConversionTimeZoneCode>
        </Address>
        <Address>
          <AddressNumber>2</AddressNumber>
          <AddressTypeCode>1</AddressTypeCode>
          <City xsi:nil="true"></City>
          <County xsi:nil="true"></County>
          <Country xsi:nil="true"></Country>
          <Fax xsi:nil="true"></Fax>
          <FreightTermsCode xsi:nil="true"></FreightTermsCode>
          <ImportSequenceNumber xsi:nil="true"></ImportSequenceNumber>
          <Latitude xsi:nil="true"></Latitude>
          <Line1 xsi:nil="true"></Line1>
          <Line2 xsi:nil="true"></Line2>
          <Line3 xsi:nil="true"></Line3>
          <Longitude xsi:nil="true"></Longitude>
          <Name xsi:nil="true"></Name>
          <PostalCode xsi:nil="true"></PostalCode>
          <PostOfficeBox xsi:nil="true"></PostOfficeBox>
          <PrimaryContactName xsi:nil="true"></PrimaryContactName>
          <ShippingMethodCode>1</ShippingMethodCode>
          <StateOrProvince xsi:nil="true"></StateOrProvince>
          <Telephone1 xsi:nil="true"></Telephone1>
          <Telephone2 xsi:nil="true"></Telephone2>
          <Telephone3 xsi:nil="true"></Telephone3>
          <TimeZoneRuleVersionNumber xsi:nil="true"></TimeZoneRuleVersionNumber>
          <UPSZone xsi:nil="true"></UPSZone>
          <UTCOffset xsi:nil="true"></UTCOffset>
          <UTCConversionTimeZoneCode xsi:nil="true"></UTCConversionTimeZoneCode>
        </Address>
      </Addresses>
    </Publisher>
    <RootComponents>
      <RootComponent type="60" id="{f0794271-1580-ea11-a812-000d3a1abe26}" behavior="0" />
      <RootComponent type="61" schemaName="msmedia_EventVenueManagementSVG" behavior="0" />
      <RootComponent type="61" schemaName="msmedia_GuestManagementSVG" behavior="0" />
      <RootComponent type="61" schemaName="msmedia_SportsManagementSVG" behavior="0" />
      <RootComponent type="62" schemaName="msmedia_EventVenueManagement" behavior="0" />
      <RootComponent type="62" schemaName="msmedia_GuestManagement" behavior="0" />
      <RootComponent type="62" schemaName="msmedia_SportsManagement" behavior="0" />
      <RootComponent type="80" schemaName="msmedia_EventVenueManagement" behavior="0" />
      <RootComponent type="80" schemaName="msmedia_GuestManagement" behavior="0" />
      <RootComponent type="80" schemaName="msmedia_SportsManagement" behavior="0" />
    </RootComponents>
    <MissingDependencies>
      <MissingDependency>
        <Required type="1" schemaName="msmedia_attraction" displayName="Attraction" solution="MediaEventsVenues (2.0.2.2)" />
        <Dependent type="62" schemaName="msmedia_EventVenueManagement" />
      </MissingDependency>
      <MissingDependency>
        <Required type="1" schemaName="msmedia_attraction" displayName="Attraction" solution="MediaEventsVenues (2.0.2.2)" />
        <Dependent type="80" schemaName="msmedia_EventVenueManagement" displayName="Event/Venue Management" />
      </MissingDependency>
      <MissingDependency>
        <Required type="1" schemaName="msmedia_attraction" displayName="Attraction" solution="MediaEventsVenues (2.0.2.2)" />
        <Dependent type="80" schemaName="msmedia_GuestManagement" displayName="Guest Management" />
      </MissingDependency>
      <MissingDependency>
        <Required type="1" schemaName="msmedia_attraction" displayName="Attraction" solution="MediaEventsVenues (2.0.2.2)" />
        <Dependent type="80" schemaName="msmedia_SportsManagement" displayName="Sports Management" />
      </MissingDependency>
      <MissingDependency>
        <Required type="1" schemaName="msmedia_attractiontrack" displayName="Attraction Track" solution="MediaEventsVenues (2.0.2.2)" />
        <Dependent type="62" schemaName="msmedia_EventVenueManagement" />
      </MissingDependency>
      <MissingDependency>
        <Required type="1" schemaName="msmedia_attractiontrack" displayName="Attraction Track" solution="MediaEventsVenues (2.0.2.2)" />
        <Dependent type="80" schemaName="msmedia_EventVenueManagement" displayName="Event/Venue Management" />
      </MissingDependency>
      <MissingDependency>
        <Required type="1" schemaName="msmedia_concessionpartner" displayName="Concession Partner" solution="MediaEventsVenues (2.0.2.2)" />
        <Dependent type="62" schemaName="msmedia_EventVenueManagement" />
      </MissingDependency>
      <MissingDependency>
        <Required type="1" schemaName="msmedia_concessionpartner" displayName="Concession Partner" solution="MediaEventsVenues (2.0.2.2)" />
        <Dependent type="80" schemaName="msmedia_EventVenueManagement" displayName="Event/Venue Management" />
      </MissingDependency>
      <MissingDependency>
        <Required type="1" schemaName="msmedia_concessionstand" displayName="Concession Stand" solution="MediaEventsVenues (2.0.2.2)" />
        <Dependent type="62" schemaName="msmedia_EventVenueManagement" />
      </MissingDependency>
      <MissingDependency>
        <Required type="1" schemaName="msmedia_concessionstand" displayName="Concession Stand" solution="MediaEventsVenues (2.0.2.2)" />
        <Dependent type="80" schemaName="msmedia_EventVenueManagement" displayName="Event/Venue Management" />
      </MissingDependency>
      <MissingDependency>
        <Required type="1" schemaName="msmedia_dispenser" displayName="Dispenser" solution="MediaEventsVenues (2.0.2.2)" />
        <Dependent type="62" schemaName="msmedia_EventVenueManagement" />
      </MissingDependency>
      <MissingDependency>
        <Required type="1" schemaName="msmedia_dispenser" displayName="Dispenser" solution="MediaEventsVenues (2.0.2.2)" />
        <Dependent type="80" schemaName="msmedia_EventVenueManagement" displayName="Event/Venue Management" />
      </MissingDependency>
      <MissingDependency>
        <Required type="1" schemaName="msmedia_eventattraction" displayName="Event Attraction" solution="MediaEventsVenues (2.0.2.2)" />
        <Dependent type="62" schemaName="msmedia_EventVenueManagement" />
      </MissingDependency>
      <MissingDependency>
        <Required type="1" schemaName="msmedia_eventattraction" displayName="Event Attraction" solution="MediaEventsVenues (2.0.2.2)" />
        <Dependent type="80" schemaName="msmedia_EventVenueManagement" displayName="Event/Venue Management" />
      </MissingDependency>
      <MissingDependency>
        <Required type="1" schemaName="msmedia_guest" displayName="Guest" solution="MediaCommon (2.0.2.0)" />
        <Dependent type="62" schemaName="msmedia_GuestManagement" />
      </MissingDependency>
      <MissingDependency>
        <Required type="1" schemaName="msmedia_guest" displayName="Guest" solution="MediaCommon (2.0.2.0)" />
        <Dependent type="62" schemaName="msmedia_SportsManagement" />
      </MissingDependency>
      <MissingDependency>
        <Required type="1" schemaName="msmedia_guest" displayName="Guest" solution="MediaCommon (2.0.2.0)" />
        <Dependent type="80" schemaName="msmedia_EventVenueManagement" displayName="Event/Venue Management" />
      </MissingDependency>
      <MissingDependency>
        <Required type="1" schemaName="msmedia_guest" displayName="Guest" solution="MediaCommon (2.0.2.0)" />
        <Dependent type="80" schemaName="msmedia_GuestManagement" displayName="Guest Management" />
      </MissingDependency>
      <MissingDependency>
        <Required type="1" schemaName="msmedia_guest" displayName="Guest" solution="MediaCommon (2.0.2.0)" />
        <Dependent type="80" schemaName="msmedia_SportsManagement" displayName="Sports Management" />
      </MissingDependency>
      <MissingDependency>
        <Required type="1" schemaName="msmedia_guestcategory" displayName="Guest Category" solution="MediaCommon (2.0.2.0)" />
        <Dependent type="62" schemaName="msmedia_GuestManagement" />
      </MissingDependency>
      <MissingDependency>
        <Required type="1" schemaName="msmedia_guestcategory" displayName="Guest Category" solution="MediaCommon (2.0.2.0)" />
        <Dependent type="80" schemaName="msmedia_GuestManagement" displayName="Guest Management" />
      </MissingDependency>
      <MissingDependency>
        <Required type="1" schemaName="msmedia_league" displayName="League" solution="MediaSports (2.0.2.0)" />
        <Dependent type="62" schemaName="msmedia_SportsManagement" />
      </MissingDependency>
      <MissingDependency>
        <Required type="1" schemaName="msmedia_loyaltyprogram" displayName="Loyalty Program" solution="MediaCommon (2.0.2.0)" />
        <Dependent type="62" schemaName="msmedia_GuestManagement" />
      </MissingDependency>
      <MissingDependency>
        <Required type="1" schemaName="msmedia_loyaltyprogram" displayName="Loyalty Program" solution="MediaCommon (2.0.2.0)" />
        <Dependent type="62" schemaName="msmedia_SportsManagement" />
      </MissingDependency>
      <MissingDependency>
        <Required type="1" schemaName="msmedia_loyaltyprogram" displayName="Loyalty Program" solution="MediaCommon (2.0.2.0)" />
        <Dependent type="80" schemaName="msmedia_GuestManagement" displayName="Guest Management" />
      </MissingDependency>
      <MissingDependency>
        <Required type="1" schemaName="msmedia_mediaasset" displayName="Media Asset" solution="MediaAssetCDM (2.0.2.0)" />
        <Dependent type="62" schemaName="msmedia_EventVenueManagement" />
      </MissingDependency>
      <MissingDependency>
        <Required type="1" schemaName="msmedia_mediaasset" displayName="Media Asset" solution="MediaAssetCDM (2.0.2.0)" />
        <Dependent type="80" schemaName="msmedia_EventVenueManagement" displayName="Event/Venue Management" />
      </MissingDependency>
      <MissingDependency>
        <Required type="1" schemaName="msmedia_mediaassetcategory" displayName="Media Asset Category" solution="MediaAssetCDM (2.0.2.0)" />
        <Dependent type="62" schemaName="msmedia_EventVenueManagement" />
      </MissingDependency>
      <MissingDependency>
        <Required type="1" schemaName="msmedia_mediaassetcategory" displayName="Media Asset Category" solution="MediaAssetCDM (2.0.2.0)" />
        <Dependent type="80" schemaName="msmedia_EventVenueManagement" displayName="Event/Venue Management" />
      </MissingDependency>
      <MissingDependency>
        <Required type="1" schemaName="msmedia_mediaevent" displayName="Media Event" solution="MediaEventsVenues (2.0.2.2)" />
        <Dependent type="60" displayName="Events/Venues Dashboard" id="{f0794271-1580-ea11-a812-000d3a1abe26}" />
      </MissingDependency>
      <MissingDependency>
        <Required type="1" schemaName="msmedia_mediaevent" displayName="Media Event" solution="MediaEventsVenues (2.0.2.2)" />
        <Dependent type="62" schemaName="msmedia_EventVenueManagement" />
      </MissingDependency>
      <MissingDependency>
        <Required type="1" schemaName="msmedia_mediaevent" displayName="Media Event" solution="MediaEventsVenues (2.0.2.2)" />
        <Dependent type="62" schemaName="msmedia_SportsManagement" />
      </MissingDependency>
      <MissingDependency>
        <Required type="1" schemaName="msmedia_mediaevent" displayName="Media Event" solution="MediaEventsVenues (2.0.2.2)" />
        <Dependent type="80" schemaName="msmedia_EventVenueManagement" displayName="Event/Venue Management" />
      </MissingDependency>
      <MissingDependency>
        <Required type="1" schemaName="msmedia_mediaevent" displayName="Media Event" solution="MediaEventsVenues (2.0.2.2)" />
        <Dependent type="80" schemaName="msmedia_GuestManagement" displayName="Guest Management" />
      </MissingDependency>
      <MissingDependency>
        <Required type="1" schemaName="msmedia_mediaevent" displayName="Media Event" solution="MediaEventsVenues (2.0.2.2)" />
        <Dependent type="80" schemaName="msmedia_SportsManagement" displayName="Sports Management" />
      </MissingDependency>
      <MissingDependency>
        <Required type="1" schemaName="msmedia_mediavenue" displayName="Media Venue" solution="MediaEventsVenues (2.0.2.2)" />
        <Dependent type="62" schemaName="msmedia_EventVenueManagement" />
      </MissingDependency>
      <MissingDependency>
        <Required type="1" schemaName="msmedia_mediavenue" displayName="Media Venue" solution="MediaEventsVenues (2.0.2.2)" />
        <Dependent type="62" schemaName="msmedia_SportsManagement" />
      </MissingDependency>
      <MissingDependency>
        <Required type="1" schemaName="msmedia_mediavenue" displayName="Media Venue" solution="MediaEventsVenues (2.0.2.2)" />
        <Dependent type="80" schemaName="msmedia_EventVenueManagement" displayName="Event/Venue Management" />
      </MissingDependency>
      <MissingDependency>
        <Required type="1" schemaName="msmedia_mediavenue" displayName="Media Venue" solution="MediaEventsVenues (2.0.2.2)" />
        <Dependent type="80" schemaName="msmedia_GuestManagement" displayName="Guest Management" />
      </MissingDependency>
      <MissingDependency>
        <Required type="1" schemaName="msmedia_mediavenue" displayName="Media Venue" solution="MediaEventsVenues (2.0.2.2)" />
        <Dependent type="80" schemaName="msmedia_SportsManagement" displayName="Sports Management" />
      </MissingDependency>
      <MissingDependency>
        <Required type="1" schemaName="msmedia_playingfield" displayName="Playing Field" solution="MediaSports (2.0.2.0)" />
        <Dependent type="62" schemaName="msmedia_SportsManagement" />
      </MissingDependency>
      <MissingDependency>
        <Required type="1" schemaName="msmedia_round" displayName="Round" solution="MediaSports (2.0.2.0)" />
        <Dependent type="62" schemaName="msmedia_SportsManagement" />
      </MissingDependency>
      <MissingDependency>
        <Required type="1" schemaName="msmedia_season" displayName="Season" solution="MediaCommon (2.0.2.0)" />
        <Dependent type="62" schemaName="msmedia_EventVenueManagement" />
      </MissingDependency>
      <MissingDependency>
        <Required type="1" schemaName="msmedia_season" displayName="Season" solution="MediaCommon (2.0.2.0)" />
        <Dependent type="62" schemaName="msmedia_SportsManagement" />
      </MissingDependency>
      <MissingDependency>
        <Required type="1" schemaName="msmedia_season" displayName="Season" solution="MediaCommon (2.0.2.0)" />
        <Dependent type="80" schemaName="msmedia_EventVenueManagement" displayName="Event/Venue Management" />
      </MissingDependency>
      <MissingDependency>
        <Required type="1" schemaName="msmedia_sportingconference" displayName="Sporting Conference" solution="MediaSports (2.0.2.0)" />
        <Dependent type="62" schemaName="msmedia_SportsManagement" />
      </MissingDependency>
      <MissingDependency>
        <Required type="1" schemaName="msmedia_sportingdivision" displayName="Sporting Division" solution="MediaSports (2.0.2.0)" />
        <Dependent type="62" schemaName="msmedia_SportsManagement" />
      </MissingDependency>
      <MissingDependency>
        <Required type="1" schemaName="msmedia_sportsplayer" displayName="Sports Player" solution="MediaSports (2.0.2.0)" />
        <Dependent type="62" schemaName="msmedia_SportsManagement" />
      </MissingDependency>
      <MissingDependency>
        <Required type="1" schemaName="msmedia_sportsteam" displayName="Sports Team" solution="MediaSports (2.0.2.0)" />
        <Dependent type="62" schemaName="msmedia_SportsManagement" />
      </MissingDependency>
      <MissingDependency>
        <Required type="1" schemaName="msmedia_talent" displayName="Talent" solution="MediaCommon (2.0.2.0)" />
        <Dependent type="62" schemaName="msmedia_EventVenueManagement" />
      </MissingDependency>
      <MissingDependency>
        <Required type="1" schemaName="msmedia_talent" displayName="Talent" solution="MediaCommon (2.0.2.0)" />
        <Dependent type="80" schemaName="msmedia_EventVenueManagement" displayName="Event/Venue Management" />
      </MissingDependency>
      <MissingDependency>
        <Required type="26" schemaName="All Contacts" displayName="All Contacts" parentSchemaName="contact" parentDisplayName="Contact" solution="msdynce_AppCommon (9.0.4.0066)" id="{0d5d377b-5e7c-47b5-bab1-a5cb8b4ac105}" />
        <Dependent type="80" schemaName="msmedia_EventVenueManagement" displayName="Event/Venue Management" />
      </MissingDependency>
      <MissingDependency>
        <Required type="26" schemaName="All Contacts" displayName="All Contacts" parentSchemaName="contact" parentDisplayName="Contact" solution="msdynce_AppCommon (9.0.4.0066)" id="{0d5d377b-5e7c-47b5-bab1-a5cb8b4ac105}" />
        <Dependent type="80" schemaName="msmedia_GuestManagement" displayName="Guest Management" />
      </MissingDependency>
      <MissingDependency>
        <Required type="26" schemaName="All Contacts" displayName="All Contacts" parentSchemaName="contact" parentDisplayName="Contact" solution="msdynce_AppCommon (9.0.4.0066)" id="{0d5d377b-5e7c-47b5-bab1-a5cb8b4ac105}" />
        <Dependent type="80" schemaName="msmedia_SportsManagement" displayName="Sports Management" />
      </MissingDependency>
      <MissingDependency>
        <Required type="26" schemaName="Inactive Media Events" displayName="Inactive Media Events" parentSchemaName="msmedia_mediaevent" parentDisplayName="Media Event" solution="MediaEventsVenues (2.0.2.2)" id="{198ae71f-1266-4e36-b421-c854766528c5}" />
        <Dependent type="80" schemaName="msmedia_EventVenueManagement" displayName="Event/Venue Management" />
      </MissingDependency>
      <MissingDependency>
        <Required type="26" schemaName="Media Event Associated View" displayName="Media Event Associated View" parentSchemaName="msmedia_mediaevent" parentDisplayName="Media Event" solution="MediaEventsVenues (2.0.2.2)" id="{2c42a1a6-55aa-439d-9aec-1ba61b34fe81}" />
        <Dependent type="80" schemaName="msmedia_EventVenueManagement" displayName="Event/Venue Management" />
      </MissingDependency>
      <MissingDependency>
        <Required type="26" schemaName="Media Event Associated View" displayName="Media Event Associated View" parentSchemaName="msmedia_mediaevent" parentDisplayName="Media Event" solution="MediaEventsVenues (2.0.2.2)" id="{2c42a1a6-55aa-439d-9aec-1ba61b34fe81}" />
        <Dependent type="80" schemaName="msmedia_SportsManagement" displayName="Sports Management" />
      </MissingDependency>
      <MissingDependency>
        <Required type="26" schemaName="Active Media Events in the next 30 days" displayName="Active Media Events in the next 30 days" parentSchemaName="msmedia_mediaevent" parentDisplayName="Media Event" solution="MediaEventsVenues (2.0.2.2)" id="{489e32df-6e70-ea11-a811-000d3a1ab88b}" />
        <Dependent type="60" displayName="Events/Venues Dashboard" id="{f0794271-1580-ea11-a812-000d3a1abe26}" />
      </MissingDependency>
      <MissingDependency>
        <Required type="26" schemaName="Active Media Events in the next 30 days" displayName="Active Media Events in the next 30 days" parentSchemaName="msmedia_mediaevent" parentDisplayName="Media Event" solution="MediaEventsVenues (2.0.2.2)" id="{489e32df-6e70-ea11-a811-000d3a1ab88b}" />
        <Dependent type="80" schemaName="msmedia_EventVenueManagement" displayName="Event/Venue Management" />
      </MissingDependency>
      <MissingDependency>
        <Required type="26" schemaName="All Accounts" displayName="All Accounts" parentSchemaName="account" parentDisplayName="Account" solution="msdynce_AppCommon (9.0.4.0066)" id="{65ffaf9a-e8c5-432d-860b-32f841b00d87}" />
        <Dependent type="80" schemaName="msmedia_EventVenueManagement" displayName="Event/Venue Management" />
      </MissingDependency>
      <MissingDependency>
        <Required type="26" schemaName="All Accounts" displayName="All Accounts" parentSchemaName="account" parentDisplayName="Account" solution="msdynce_AppCommon (9.0.4.0066)" id="{65ffaf9a-e8c5-432d-860b-32f841b00d87}" />
        <Dependent type="80" schemaName="msmedia_GuestManagement" displayName="Guest Management" />
      </MissingDependency>
      <MissingDependency>
        <Required type="26" schemaName="All Accounts" displayName="All Accounts" parentSchemaName="account" parentDisplayName="Account" solution="msdynce_AppCommon (9.0.4.0066)" id="{65ffaf9a-e8c5-432d-860b-32f841b00d87}" />
        <Dependent type="80" schemaName="msmedia_SportsManagement" displayName="Sports Management" />
      </MissingDependency>
      <MissingDependency>
        <Required type="26" schemaName="Media Event Advanced Find View" displayName="Media Event Advanced Find View" parentSchemaName="msmedia_mediaevent" parentDisplayName="Media Event" solution="MediaEventsVenues (2.0.2.2)" id="{aea8f0ae-c91c-4e2c-97e4-a1efd601ac8f}" />
        <Dependent type="80" schemaName="msmedia_EventVenueManagement" displayName="Event/Venue Management" />
      </MissingDependency>
      <MissingDependency>
        <Required type="26" schemaName="Media Event Advanced Find View" displayName="Media Event Advanced Find View" parentSchemaName="msmedia_mediaevent" parentDisplayName="Media Event" solution="MediaEventsVenues (2.0.2.2)" id="{aea8f0ae-c91c-4e2c-97e4-a1efd601ac8f}" />
        <Dependent type="80" schemaName="msmedia_SportsManagement" displayName="Sports Management" />
      </MissingDependency>
      <MissingDependency>
        <Required type="26" schemaName="Active Media Events" displayName="Active Media Events" parentSchemaName="msmedia_mediaevent" parentDisplayName="Media Event" solution="MediaEventsVenues (2.0.2.2)" id="{b5f9695f-915f-4ab4-8871-f00602ebab4e}" />
        <Dependent type="60" displayName="Events/Venues Dashboard" id="{f0794271-1580-ea11-a812-000d3a1abe26}" />
      </MissingDependency>
      <MissingDependency>
        <Required type="26" schemaName="Active Media Events" displayName="Active Media Events" parentSchemaName="msmedia_mediaevent" parentDisplayName="Media Event" solution="MediaEventsVenues (2.0.2.2)" id="{b5f9695f-915f-4ab4-8871-f00602ebab4e}" />
        <Dependent type="80" schemaName="msmedia_EventVenueManagement" displayName="Event/Venue Management" />
      </MissingDependency>
      <MissingDependency>
        <Required type="26" schemaName="Media Event Lookup View" displayName="Media Event Lookup View" parentSchemaName="msmedia_mediaevent" parentDisplayName="Media Event" solution="MediaEventsVenues (2.0.2.2)" id="{dab06b2f-8252-4505-b844-84229eabf472}" />
        <Dependent type="80" schemaName="msmedia_EventVenueManagement" displayName="Event/Venue Management" />
      </MissingDependency>
      <MissingDependency>
        <Required type="26" schemaName="Media Event Lookup View" displayName="Media Event Lookup View" parentSchemaName="msmedia_mediaevent" parentDisplayName="Media Event" solution="MediaEventsVenues (2.0.2.2)" id="{dab06b2f-8252-4505-b844-84229eabf472}" />
        <Dependent type="80" schemaName="msmedia_SportsManagement" displayName="Sports Management" />
      </MissingDependency>
      <MissingDependency>
        <Required type="26" schemaName="Sports Active Media Events" displayName="Sports Active Media Events" parentSchemaName="msmedia_mediaevent" parentDisplayName="Media Event" solution="MediaEventsVenues (2.0.2.2)" id="{e2b0c214-7978-ea11-a811-000d3a1abe26}" />
        <Dependent type="80" schemaName="msmedia_SportsManagement" displayName="Sports Management" />
      </MissingDependency>
      <MissingDependency>
        <Required type="59" schemaName="TOP ATTENDANCE BY EVENT" displayName="TOP ATTENDANCE BY EVENT" parentSchemaName="msmedia_mediaevent" parentDisplayName="Media Event" solution="MediaEventsVenues (2.0.2.2)" id="{37c2bb59-1d80-ea11-a812-000d3a1abe26}" />
        <Dependent type="60" displayName="Events/Venues Dashboard" id="{f0794271-1580-ea11-a812-000d3a1abe26}" />
      </MissingDependency>
      <MissingDependency>
        <Required type="59" schemaName="TOP PROFIT BY EVENTS" displayName="TOP PROFIT BY EVENTS" parentSchemaName="msmedia_mediaevent" parentDisplayName="Media Event" solution="MediaEventsVenues (2.0.2.2)" id="{d79f5438-ff80-ea11-a812-000d3a1ab88b}" />
        <Dependent type="60" displayName="Events/Venues Dashboard" id="{f0794271-1580-ea11-a812-000d3a1abe26}" />
      </MissingDependency>
      <MissingDependency>
        <Required type="59" schemaName="REGISTERED VS ATTENDED" displayName="REGISTERED VS ATTENDED" parentSchemaName="msmedia_mediaevent" parentDisplayName="Media Event" solution="MediaEventsVenues (2.0.2.2)" id="{f87e8704-1780-ea11-a812-000d3a1abe26}" />
        <Dependent type="60" displayName="Events/Venues Dashboard" id="{f0794271-1580-ea11-a812-000d3a1abe26}" />
      </MissingDependency>
      <MissingDependency>
        <Required type="60" displayName="Guest Management Dashboard" solution="MediaCommon (2.0.2.0)" id="{11fab6fd-bb82-ea11-a812-000d3a33f47e}" />
        <Dependent type="80" schemaName="msmedia_GuestManagement" displayName="Guest Management" />
      </MissingDependency>
      <MissingDependency>
        <Required type="60" displayName="Media Event Quick View Form" parentDisplayName="Media Event" solution="MediaEventsVenues (2.0.2.2)" id="{386b48bd-039a-4357-a2b8-49d6ba9acff0}" />
        <Dependent type="80" schemaName="msmedia_EventVenueManagement" displayName="Event/Venue Management" />
      </MissingDependency>
      <MissingDependency>
        <Required type="60" displayName="Media Event Quick View Form" parentDisplayName="Media Event" solution="MediaEventsVenues (2.0.2.2)" id="{386b48bd-039a-4357-a2b8-49d6ba9acff0}" />
        <Dependent type="80" schemaName="msmedia_SportsManagement" displayName="Sports Management" />
      </MissingDependency>
      <MissingDependency>
        <Required type="60" displayName="Sports Management Dashboard" solution="MediaSports (2.0.2.0)" id="{8624ed5a-c684-ea11-a812-000d3a579ca8}" />
        <Dependent type="80" schemaName="msmedia_SportsManagement" displayName="Sports Management" />
      </MissingDependency>
      <MissingDependency>
        <Required type="60" displayName="Media Venue Main Form" parentDisplayName="Media Venue" solution="MediaEventsVenues (2.0.2.2)" id="{a069d92f-c63c-4e5a-a189-627c79434c49}" />
        <Dependent type="80" schemaName="msmedia_EventVenueManagement" displayName="Event/Venue Management" />
      </MissingDependency>
      <MissingDependency>
        <Required type="60" displayName="Media Venue Main Form" parentDisplayName="Media Venue" solution="MediaEventsVenues (2.0.2.2)" id="{a069d92f-c63c-4e5a-a189-627c79434c49}" />
        <Dependent type="80" schemaName="msmedia_SportsManagement" displayName="Sports Management" />
      </MissingDependency>
      <MissingDependency>
        <Required type="60" displayName="Media Event Sports Main Form" parentDisplayName="Media Event" solution="MediaSports (2.0.2.0)" id="{a9f7c407-7089-ea11-a812-000d3a4e3831}" />
        <Dependent type="80" schemaName="msmedia_SportsManagement" displayName="Sports Management" />
      </MissingDependency>
      <MissingDependency>
        <Required type="60" displayName="Media Venue Quick View Form" parentDisplayName="Media Venue" solution="MediaEventsVenues (2.0.2.2)" id="{dc47b1db-8d04-49ce-a909-74980567297c}" />
        <Dependent type="80" schemaName="msmedia_EventVenueManagement" displayName="Event/Venue Management" />
      </MissingDependency>
      <MissingDependency>
        <Required type="60" displayName="Media Venue Quick View Form" parentDisplayName="Media Venue" solution="MediaEventsVenues (2.0.2.2)" id="{dc47b1db-8d04-49ce-a909-74980567297c}" />
        <Dependent type="80" schemaName="msmedia_SportsManagement" displayName="Sports Management" />
      </MissingDependency>
      <MissingDependency>
        <Required type="60" displayName="Media Event Main Form" parentDisplayName="Media Event" solution="MediaEventsVenues (2.0.2.2)" id="{e4cd67d3-614d-4c2f-ad0d-690c89bf7357}" />
        <Dependent type="80" schemaName="msmedia_EventVenueManagement" displayName="Event/Venue Management" />
      </MissingDependency>
      <MissingDependency>
        <Required type="60" displayName="Events/Venues Dashboard" solution="MediaEventsVenues (2.0.2.2)" id="{f0794271-1580-ea11-a812-000d3a1abe26}" />
        <Dependent type="60" displayName="Events/Venues Dashboard" id="{f0794271-1580-ea11-a812-000d3a1abe26}" />
      </MissingDependency>
    </MissingDependencies>
  </SolutionManifest>
</ImportExportXml>