<ImportExportXml xmlns:xsi="http://www.w3.org/2001/XMLSchema-instance">
  <Entities></Entities>
  <Roles></Roles>
  <Workflows></Workflows>
  <FieldSecurityProfiles></FieldSecurityProfiles>
  <Templates />
  <EntityMaps />
  <EntityRelationships />
  <OrganizationSettings />
  <optionsets />
  <CustomControls />
  <EntityDataProviders />
  <Connectors>
    <Connector>
      <connectorid>b7c03fa2-9d52-460a-a5fd-c48087cefe02</connectorid>
      <description>Creates Online Teams Meeting on Users Calendars</description>
      <displayname>Media Teams Integration</displayname>
      <iconbrandcolor>#007ee5</iconbrandcolor>
      <name>msmedia_5Fmedia-20teams-20integration</name>
      <connectortype>1</connectortype>
      <openapidefinition>/Connector/msmedia_5Fmedia-20teams-20integration_openapidefinition.json</openapidefinition>
      <connectionparameters>/Connector/msmedia_5Fmedia-20teams-20integration_connectionparameters.json</connectionparameters>
      <policytemplateinstances>/Connector/msmedia_5Fmedia-20teams-20integration_policytemplateinstances.json</policytemplateinstances>
      <iconblob>/Connector/msmedia_5Fmedia-20teams-20integration_iconblob.Png</iconblob>
    </Connector>
  </Connectors>
  <Languages>
    <Language>1033</Language>
  </Languages>
</ImportExportXml>