﻿<?xml version="1.0" encoding="utf-8"?>
<ImportExportXml version="9.2.21044.130" SolutionPackageVersion="9.2" languagecode="1033" generatedBy="CrmLive" xmlns:xsi="http://www.w3.org/2001/XMLSchema-instance">
  <SolutionManifest>
    <UniqueName>MediaCommon</UniqueName>
    <LocalizedNames>
      <LocalizedName description="Media Common" languagecode="1033" />
    </LocalizedNames>
    <Descriptions />
    <Version>2.0.3.5</Version>
    <Managed>1</Managed>
    <Publisher>
      <UniqueName>microsoftdynamics365media</UniqueName>
      <LocalizedNames>
        <LocalizedName description="Microsoft Dynamics 365 Media" languagecode="1033" />
      </LocalizedNames>
      <Descriptions />
      <EMailAddress xsi:nil="true"></EMailAddress>
      <SupportingWebsiteUrl xsi:nil="true"></SupportingWebsiteUrl>
      <CustomizationPrefix>msmedia</CustomizationPrefix>
      <CustomizationOptionValuePrefix>76686</CustomizationOptionValuePrefix>
      <Addresses>
        <Address>
          <AddressNumber>1</AddressNumber>
          <AddressTypeCode>1</AddressTypeCode>
          <City xsi:nil="true"></City>
          <County xsi:nil="true"></County>
          <Country xsi:nil="true"></Country>
          <Fax xsi:nil="true"></Fax>
          <FreightTermsCode xsi:nil="true"></FreightTermsCode>
          <ImportSequenceNumber xsi:nil="true"></ImportSequenceNumber>
          <Latitude xsi:nil="true"></Latitude>
          <Line1 xsi:nil="true"></Line1>
          <Line2 xsi:nil="true"></Line2>
          <Line3 xsi:nil="true"></Line3>
          <Longitude xsi:nil="true"></Longitude>
          <Name xsi:nil="true"></Name>
          <PostalCode xsi:nil="true"></PostalCode>
          <PostOfficeBox xsi:nil="true"></PostOfficeBox>
          <PrimaryContactName xsi:nil="true"></PrimaryContactName>
          <ShippingMethodCode>1</ShippingMethodCode>
          <StateOrProvince xsi:nil="true"></StateOrProvince>
          <Telephone1 xsi:nil="true"></Telephone1>
          <Telephone2 xsi:nil="true"></Telephone2>
          <Telephone3 xsi:nil="true"></Telephone3>
          <TimeZoneRuleVersionNumber xsi:nil="true"></TimeZoneRuleVersionNumber>
          <UPSZone xsi:nil="true"></UPSZone>
          <UTCOffset xsi:nil="true"></UTCOffset>
          <UTCConversionTimeZoneCode xsi:nil="true"></UTCConversionTimeZoneCode>
        </Address>
        <Address>
          <AddressNumber>2</AddressNumber>
          <AddressTypeCode>1</AddressTypeCode>
          <City xsi:nil="true"></City>
          <County xsi:nil="true"></County>
          <Country xsi:nil="true"></Country>
          <Fax xsi:nil="true"></Fax>
          <FreightTermsCode xsi:nil="true"></FreightTermsCode>
          <ImportSequenceNumber xsi:nil="true"></ImportSequenceNumber>
          <Latitude xsi:nil="true"></Latitude>
          <Line1 xsi:nil="true"></Line1>
          <Line2 xsi:nil="true"></Line2>
          <Line3 xsi:nil="true"></Line3>
          <Longitude xsi:nil="true"></Longitude>
          <Name xsi:nil="true"></Name>
          <PostalCode xsi:nil="true"></PostalCode>
          <PostOfficeBox xsi:nil="true"></PostOfficeBox>
          <PrimaryContactName xsi:nil="true"></PrimaryContactName>
          <ShippingMethodCode>1</ShippingMethodCode>
          <StateOrProvince xsi:nil="true"></StateOrProvince>
          <Telephone1 xsi:nil="true"></Telephone1>
          <Telephone2 xsi:nil="true"></Telephone2>
          <Telephone3 xsi:nil="true"></Telephone3>
          <TimeZoneRuleVersionNumber xsi:nil="true"></TimeZoneRuleVersionNumber>
          <UPSZone xsi:nil="true"></UPSZone>
          <UTCOffset xsi:nil="true"></UTCOffset>
          <UTCConversionTimeZoneCode xsi:nil="true"></UTCConversionTimeZoneCode>
        </Address>
      </Addresses>
    </Publisher>
    <RootComponents>
      <RootComponent type="1" schemaName="contact" behavior="2" />
      <RootComponent type="1" schemaName="msmedia_businessrole" behavior="0" />
      <RootComponent type="1" schemaName="msmedia_externalguestid" behavior="0" />
      <RootComponent type="1" schemaName="msmedia_guest" behavior="0" />
      <RootComponent type="1" schemaName="msmedia_guestcategory" behavior="0" />
      <RootComponent type="1" schemaName="msmedia_interest" behavior="0" />
      <RootComponent type="1" schemaName="msmedia_loyaltylevel" behavior="0" />
      <RootComponent type="1" schemaName="msmedia_loyaltyprogram" behavior="0" />
      <RootComponent type="1" schemaName="msmedia_loyaltyprogramaccount" behavior="0" />
      <RootComponent type="1" schemaName="msmedia_mediaasset" behavior="0" />
      <RootComponent type="1" schemaName="msmedia_mediaassetcategory" behavior="0" />
      <RootComponent type="1" schemaName="msmedia_region" behavior="0" />
      <RootComponent type="1" schemaName="msmedia_season" behavior="0" />
      <RootComponent type="1" schemaName="msmedia_talent" behavior="0" />
      <RootComponent type="1" schemaName="msmedia_threedigitzipcode" behavior="0" />
      <RootComponent type="1" schemaName="msmedia_tma" behavior="0" />
      <RootComponent type="9" schemaName="msmedia_ageranges" behavior="0" />
      <RootComponent type="9" schemaName="msmedia_assettype" behavior="0" />
      <RootComponent type="9" schemaName="msmedia_businessroles" behavior="0" />
      <RootComponent type="9" schemaName="msmedia_contactroles" behavior="0" />
      <RootComponent type="9" schemaName="msmedia_educationtypes" behavior="0" />
      <RootComponent type="9" schemaName="msmedia_eventformat" behavior="0" />
      <RootComponent type="9" schemaName="msmedia_externalguestsources" behavior="0" />
      <RootComponent type="9" schemaName="msmedia_fixedguestlevel" behavior="0" />
      <RootComponent type="9" schemaName="msmedia_gender" behavior="0" />
      <RootComponent type="9" schemaName="msmedia_guestorigin" behavior="0" />
      <RootComponent type="9" schemaName="msmedia_pronoun" behavior="0" />
      <RootComponent type="9" schemaName="msmedia_providerroles" behavior="0" />
      <RootComponent type="9" schemaName="msmedia_unittype" behavior="0" />
      <RootComponent type="29" id="{78341b90-e983-ea11-a812-000d3a33f47e}" behavior="0" />
      <RootComponent type="29" id="{a27d563a-7e7a-ea11-a812-000d3a3b478b}" behavior="0" />
      <RootComponent type="60" id="{11fab6fd-bb82-ea11-a812-000d3a33f47e}" behavior="0" />
      <RootComponent type="60" id="{165a28fe-e798-4086-ae69-3ef841d84590}" behavior="0" />
      <RootComponent type="60" id="{385b117e-7854-4089-ab60-b66b20771517}" behavior="0" />
      <RootComponent type="60" id="{4dc13cd6-20a2-44b0-b81f-9ced329ab051}" behavior="0" />
      <RootComponent type="60" id="{79e7f9a3-5278-ea11-a811-000d3a33f47e}" behavior="0" />
      <RootComponent type="60" id="{c547bc21-d324-494d-ba2c-63591d793e57}" behavior="0" />
      <RootComponent type="61" schemaName="msmedia_GuestCategoriesSVG" behavior="0" />
      <RootComponent type="61" schemaName="msmedia_GuestsSVG" behavior="0" />
      <RootComponent type="61" schemaName="msmedia_LoyaltyProgramsSVG" behavior="0" />
      <RootComponent type="61" schemaName="msmedia_MediaAssetCategorySVG" behavior="0" />
      <RootComponent type="61" schemaName="msmedia_MediaAssetsSVG" behavior="0" />
      <RootComponent type="61" schemaName="msmedia_RegionsSVG" behavior="0" />
      <RootComponent type="61" schemaName="msmedia_SeasonsSVG" behavior="0" />
      <RootComponent type="61" schemaName="msmedia_TalentsSVG" behavior="0" />
      <RootComponent type="61" schemaName="msmedia_TMAsSVG" behavior="0" />
      <RootComponent type="431" schemaName="msmedia_talent msmedia_primaryimage" behavior="0" />
      <RootComponent type="432" schemaName="msmedia_talent" behavior="0" />
    </RootComponents>
    <MissingDependencies>
      <MissingDependency>
        <Required type="1" schemaName="msmedia_mediaasset" displayName="Media Asset" solution="MediaAssetCDM (1.1.3.2)" />
        <Dependent type="1" schemaName="msmedia_mediaasset" displayName="Media Asset" />
      </MissingDependency>
      <MissingDependency>
        <Required type="1" schemaName="msmedia_mediaasset" displayName="Media Asset" solution="MediaAssetCDM (1.1.3.2)" />
        <Dependent type="10" schemaName="msmedia_MediaAsset_Category_msmedia_Media" displayName="msmedia_MediaAsset_Category_msmedia_Media" parentSchemaName="msmedia_mediaasset" parentDisplayName="Media Asset" />
      </MissingDependency>
      <MissingDependency>
        <Required type="1" schemaName="msmedia_mediaasset" displayName="Media Asset" solution="MediaAssetCDM (1.1.3.2)" />
        <Dependent type="2" schemaName="createdby" displayName="Created By" parentSchemaName="msmedia_mediaasset" parentDisplayName="Media Asset" />
      </MissingDependency>
      <MissingDependency>
        <Required type="1" schemaName="msmedia_mediaasset" displayName="Media Asset" solution="MediaAssetCDM (1.1.3.2)" />
        <Dependent type="2" schemaName="createdbyname" parentSchemaName="msmedia_mediaasset" parentDisplayName="Media Asset" />
      </MissingDependency>
      <MissingDependency>
        <Required type="1" schemaName="msmedia_mediaasset" displayName="Media Asset" solution="MediaAssetCDM (1.1.3.2)" />
        <Dependent type="2" schemaName="createdbyyominame" parentSchemaName="msmedia_mediaasset" parentDisplayName="Media Asset" />
      </MissingDependency>
      <MissingDependency>
        <Required type="1" schemaName="msmedia_mediaasset" displayName="Media Asset" solution="MediaAssetCDM (1.1.3.2)" />
        <Dependent type="2" schemaName="createdonbehalfby" displayName="Created By (Delegate)" parentSchemaName="msmedia_mediaasset" parentDisplayName="Media Asset" />
      </MissingDependency>
      <MissingDependency>
        <Required type="1" schemaName="msmedia_mediaasset" displayName="Media Asset" solution="MediaAssetCDM (1.1.3.2)" />
        <Dependent type="2" schemaName="createdonbehalfbyname" parentSchemaName="msmedia_mediaasset" parentDisplayName="Media Asset" />
      </MissingDependency>
      <MissingDependency>
        <Required type="1" schemaName="msmedia_mediaasset" displayName="Media Asset" solution="MediaAssetCDM (1.1.3.2)" />
        <Dependent type="2" schemaName="createdonbehalfbyyominame" parentSchemaName="msmedia_mediaasset" parentDisplayName="Media Asset" />
      </MissingDependency>
      <MissingDependency>
        <Required type="1" schemaName="msmedia_mediaasset" displayName="Media Asset" solution="MediaAssetCDM (1.1.3.2)" />
        <Dependent type="2" schemaName="exchangerate" displayName="Exchange Rate" parentSchemaName="msmedia_mediaasset" parentDisplayName="Media Asset" />
      </MissingDependency>
      <MissingDependency>
        <Required type="1" schemaName="msmedia_mediaasset" displayName="Media Asset" solution="MediaAssetCDM (1.1.3.2)" />
        <Dependent type="2" schemaName="modifiedby" displayName="Modified By" parentSchemaName="msmedia_mediaasset" parentDisplayName="Media Asset" />
      </MissingDependency>
      <MissingDependency>
        <Required type="1" schemaName="msmedia_mediaasset" displayName="Media Asset" solution="MediaAssetCDM (1.1.3.2)" />
        <Dependent type="2" schemaName="modifiedbyname" parentSchemaName="msmedia_mediaasset" parentDisplayName="Media Asset" />
      </MissingDependency>
      <MissingDependency>
        <Required type="1" schemaName="msmedia_mediaasset" displayName="Media Asset" solution="MediaAssetCDM (1.1.3.2)" />
        <Dependent type="2" schemaName="modifiedbyyominame" parentSchemaName="msmedia_mediaasset" parentDisplayName="Media Asset" />
      </MissingDependency>
      <MissingDependency>
        <Required type="1" schemaName="msmedia_mediaasset" displayName="Media Asset" solution="MediaAssetCDM (1.1.3.2)" />
        <Dependent type="2" schemaName="modifiedonbehalfby" displayName="Modified By (Delegate)" parentSchemaName="msmedia_mediaasset" parentDisplayName="Media Asset" />
      </MissingDependency>
      <MissingDependency>
        <Required type="1" schemaName="msmedia_mediaasset" displayName="Media Asset" solution="MediaAssetCDM (1.1.3.2)" />
        <Dependent type="2" schemaName="modifiedonbehalfbyname" parentSchemaName="msmedia_mediaasset" parentDisplayName="Media Asset" />
      </MissingDependency>
      <MissingDependency>
        <Required type="1" schemaName="msmedia_mediaasset" displayName="Media Asset" solution="MediaAssetCDM (1.1.3.2)" />
        <Dependent type="2" schemaName="modifiedonbehalfbyyominame" parentSchemaName="msmedia_mediaasset" parentDisplayName="Media Asset" />
      </MissingDependency>
      <MissingDependency>
        <Required type="1" schemaName="msmedia_mediaasset" displayName="Media Asset" solution="MediaAssetCDM (1.1.3.2)" />
        <Dependent type="2" schemaName="msmedia_assettypename" parentSchemaName="msmedia_mediaasset" parentDisplayName="Media Asset" />
      </MissingDependency>
      <MissingDependency>
        <Required type="1" schemaName="msmedia_mediaasset" displayName="Media Asset" solution="MediaAssetCDM (1.1.3.2)" />
        <Dependent type="2" schemaName="msmedia_categoryname" parentSchemaName="msmedia_mediaasset" parentDisplayName="Media Asset" />
      </MissingDependency>
      <MissingDependency>
        <Required type="1" schemaName="msmedia_mediaasset" displayName="Media Asset" solution="MediaAssetCDM (1.1.3.2)" />
        <Dependent type="2" schemaName="msmedia_isforsalename" parentSchemaName="msmedia_mediaasset" parentDisplayName="Media Asset" />
      </MissingDependency>
      <MissingDependency>
        <Required type="1" schemaName="msmedia_mediaasset" displayName="Media Asset" solution="MediaAssetCDM (1.1.3.2)" />
        <Dependent type="2" schemaName="msmedia_ispublishedtowebname" parentSchemaName="msmedia_mediaasset" parentDisplayName="Media Asset" />
      </MissingDependency>
      <MissingDependency>
        <Required type="1" schemaName="msmedia_mediaasset" displayName="Media Asset" solution="MediaAssetCDM (1.1.3.2)" />
        <Dependent type="2" schemaName="ownerid" displayName="Owner" parentSchemaName="msmedia_mediaasset" parentDisplayName="Media Asset" />
      </MissingDependency>
      <MissingDependency>
        <Required type="1" schemaName="msmedia_mediaasset" displayName="Media Asset" solution="MediaAssetCDM (1.1.3.2)" />
        <Dependent type="2" schemaName="owneriddsc" parentSchemaName="msmedia_mediaasset" parentDisplayName="Media Asset" />
      </MissingDependency>
      <MissingDependency>
        <Required type="1" schemaName="msmedia_mediaasset" displayName="Media Asset" solution="MediaAssetCDM (1.1.3.2)" />
        <Dependent type="2" schemaName="owneridname" parentSchemaName="msmedia_mediaasset" parentDisplayName="Media Asset" />
      </MissingDependency>
      <MissingDependency>
        <Required type="1" schemaName="msmedia_mediaasset" displayName="Media Asset" solution="MediaAssetCDM (1.1.3.2)" />
        <Dependent type="2" schemaName="owneridtype" parentSchemaName="msmedia_mediaasset" parentDisplayName="Media Asset" />
      </MissingDependency>
      <MissingDependency>
        <Required type="1" schemaName="msmedia_mediaasset" displayName="Media Asset" solution="MediaAssetCDM (1.1.3.2)" />
        <Dependent type="2" schemaName="owneridyominame" parentSchemaName="msmedia_mediaasset" parentDisplayName="Media Asset" />
      </MissingDependency>
      <MissingDependency>
        <Required type="1" schemaName="msmedia_mediaasset" displayName="Media Asset" solution="MediaAssetCDM (1.1.3.2)" />
        <Dependent type="2" schemaName="owningbusinessunit" displayName="Owning Business Unit" parentSchemaName="msmedia_mediaasset" parentDisplayName="Media Asset" />
      </MissingDependency>
      <MissingDependency>
        <Required type="1" schemaName="msmedia_mediaasset" displayName="Media Asset" solution="MediaAssetCDM (1.1.3.2)" />
        <Dependent type="2" schemaName="owningteam" displayName="Owning Team" parentSchemaName="msmedia_mediaasset" parentDisplayName="Media Asset" />
      </MissingDependency>
      <MissingDependency>
        <Required type="1" schemaName="msmedia_mediaasset" displayName="Media Asset" solution="MediaAssetCDM (1.1.3.2)" />
        <Dependent type="2" schemaName="owninguser" displayName="Owning User" parentSchemaName="msmedia_mediaasset" parentDisplayName="Media Asset" />
      </MissingDependency>
      <MissingDependency>
        <Required type="1" schemaName="msmedia_mediaasset" displayName="Media Asset" solution="MediaAssetCDM (1.1.3.2)" />
        <Dependent type="2" schemaName="statecodename" parentSchemaName="msmedia_mediaasset" parentDisplayName="Media Asset" />
      </MissingDependency>
      <MissingDependency>
        <Required type="1" schemaName="msmedia_mediaasset" displayName="Media Asset" solution="MediaAssetCDM (1.1.3.2)" />
        <Dependent type="2" schemaName="statuscodename" parentSchemaName="msmedia_mediaasset" parentDisplayName="Media Asset" />
      </MissingDependency>
      <MissingDependency>
        <Required type="1" schemaName="msmedia_mediaasset" displayName="Media Asset" solution="MediaAssetCDM (1.1.3.2)" />
        <Dependent type="2" schemaName="transactioncurrencyid" displayName="Currency" parentSchemaName="msmedia_mediaasset" parentDisplayName="Media Asset" />
      </MissingDependency>
      <MissingDependency>
        <Required type="1" schemaName="msmedia_mediaasset" displayName="Media Asset" solution="MediaAssetCDM (1.1.3.2)" />
        <Dependent type="2" schemaName="transactioncurrencyidname" parentSchemaName="msmedia_mediaasset" parentDisplayName="Media Asset" />
      </MissingDependency>
      <MissingDependency>
        <Required type="1" schemaName="msmedia_mediaasset" displayName="Media Asset" solution="MediaAssetCDM (1.1.3.2)" />
        <Dependent type="2" schemaName="versionnumber" displayName="Version Number" parentSchemaName="msmedia_mediaasset" parentDisplayName="Media Asset" />
      </MissingDependency>
      <MissingDependency>
        <Required type="1" schemaName="msmedia_mediaasset" displayName="Media Asset" solution="MediaAssetCDM (1.1.3.2)" />
        <Dependent type="50" schemaName="msmedia_mediaasset:RibbonDiffXml" parentSchemaName="ribboncustomization" parentDisplayName="Application Ribbons" />
      </MissingDependency>
      <MissingDependency>
        <Required type="1" schemaName="msmedia_mediaasset" displayName="Media Asset" solution="MediaAssetCDM (1.1.3.2)" />
        <Dependent type="68" id="{cc0ca929-9e09-473a-8e09-709243135d8f}" />
      </MissingDependency>
      <MissingDependency>
        <Required type="1" schemaName="msmedia_mediaassetcategory" displayName="Media Asset Category" solution="MediaAssetCDM (1.1.3.2)" />
        <Dependent type="1" schemaName="msmedia_mediaassetcategory" displayName="Media Asset Category" />
      </MissingDependency>
      <MissingDependency>
        <Required type="1" schemaName="msmedia_mediaassetcategory" displayName="Media Asset Category" solution="MediaAssetCDM (1.1.3.2)" />
        <Dependent type="10" schemaName="msmedia_MediaAsset_Category_msmedia_Media" displayName="msmedia_MediaAsset_Category_msmedia_Media" parentSchemaName="msmedia_mediaasset" parentDisplayName="Media Asset" />
      </MissingDependency>
      <MissingDependency>
        <Required type="1" schemaName="msmedia_mediaassetcategory" displayName="Media Asset Category" solution="MediaAssetCDM (1.1.3.2)" />
        <Dependent type="2" schemaName="createdby" displayName="Created By" parentSchemaName="msmedia_mediaassetcategory" parentDisplayName="Media Asset Category" />
      </MissingDependency>
      <MissingDependency>
        <Required type="1" schemaName="msmedia_mediaassetcategory" displayName="Media Asset Category" solution="MediaAssetCDM (1.1.3.2)" />
        <Dependent type="2" schemaName="createdbyname" parentSchemaName="msmedia_mediaassetcategory" parentDisplayName="Media Asset Category" />
      </MissingDependency>
      <MissingDependency>
        <Required type="1" schemaName="msmedia_mediaassetcategory" displayName="Media Asset Category" solution="MediaAssetCDM (1.1.3.2)" />
        <Dependent type="2" schemaName="createdbyyominame" parentSchemaName="msmedia_mediaassetcategory" parentDisplayName="Media Asset Category" />
      </MissingDependency>
      <MissingDependency>
        <Required type="1" schemaName="msmedia_mediaassetcategory" displayName="Media Asset Category" solution="MediaAssetCDM (1.1.3.2)" />
        <Dependent type="2" schemaName="createdonbehalfby" displayName="Created By (Delegate)" parentSchemaName="msmedia_mediaassetcategory" parentDisplayName="Media Asset Category" />
      </MissingDependency>
      <MissingDependency>
        <Required type="1" schemaName="msmedia_mediaassetcategory" displayName="Media Asset Category" solution="MediaAssetCDM (1.1.3.2)" />
        <Dependent type="2" schemaName="createdonbehalfbyname" parentSchemaName="msmedia_mediaassetcategory" parentDisplayName="Media Asset Category" />
      </MissingDependency>
      <MissingDependency>
        <Required type="1" schemaName="msmedia_mediaassetcategory" displayName="Media Asset Category" solution="MediaAssetCDM (1.1.3.2)" />
        <Dependent type="2" schemaName="createdonbehalfbyyominame" parentSchemaName="msmedia_mediaassetcategory" parentDisplayName="Media Asset Category" />
      </MissingDependency>
      <MissingDependency>
        <Required type="1" schemaName="msmedia_mediaassetcategory" displayName="Media Asset Category" solution="MediaAssetCDM (1.1.3.2)" />
        <Dependent type="2" schemaName="modifiedby" displayName="Modified By" parentSchemaName="msmedia_mediaassetcategory" parentDisplayName="Media Asset Category" />
      </MissingDependency>
      <MissingDependency>
        <Required type="1" schemaName="msmedia_mediaassetcategory" displayName="Media Asset Category" solution="MediaAssetCDM (1.1.3.2)" />
        <Dependent type="2" schemaName="modifiedbyname" parentSchemaName="msmedia_mediaassetcategory" parentDisplayName="Media Asset Category" />
      </MissingDependency>
      <MissingDependency>
        <Required type="1" schemaName="msmedia_mediaassetcategory" displayName="Media Asset Category" solution="MediaAssetCDM (1.1.3.2)" />
        <Dependent type="2" schemaName="modifiedbyyominame" parentSchemaName="msmedia_mediaassetcategory" parentDisplayName="Media Asset Category" />
      </MissingDependency>
      <MissingDependency>
        <Required type="1" schemaName="msmedia_mediaassetcategory" displayName="Media Asset Category" solution="MediaAssetCDM (1.1.3.2)" />
        <Dependent type="2" schemaName="modifiedonbehalfby" displayName="Modified By (Delegate)" parentSchemaName="msmedia_mediaassetcategory" parentDisplayName="Media Asset Category" />
      </MissingDependency>
      <MissingDependency>
        <Required type="1" schemaName="msmedia_mediaassetcategory" displayName="Media Asset Category" solution="MediaAssetCDM (1.1.3.2)" />
        <Dependent type="2" schemaName="modifiedonbehalfbyname" parentSchemaName="msmedia_mediaassetcategory" parentDisplayName="Media Asset Category" />
      </MissingDependency>
      <MissingDependency>
        <Required type="1" schemaName="msmedia_mediaassetcategory" displayName="Media Asset Category" solution="MediaAssetCDM (1.1.3.2)" />
        <Dependent type="2" schemaName="modifiedonbehalfbyyominame" parentSchemaName="msmedia_mediaassetcategory" parentDisplayName="Media Asset Category" />
      </MissingDependency>
      <MissingDependency>
        <Required type="1" schemaName="msmedia_mediaassetcategory" displayName="Media Asset Category" solution="MediaAssetCDM (1.1.3.2)" />
        <Dependent type="2" schemaName="ownerid" displayName="Owner" parentSchemaName="msmedia_mediaassetcategory" parentDisplayName="Media Asset Category" />
      </MissingDependency>
      <MissingDependency>
        <Required type="1" schemaName="msmedia_mediaassetcategory" displayName="Media Asset Category" solution="MediaAssetCDM (1.1.3.2)" />
        <Dependent type="2" schemaName="owneriddsc" parentSchemaName="msmedia_mediaassetcategory" parentDisplayName="Media Asset Category" />
      </MissingDependency>
      <MissingDependency>
        <Required type="1" schemaName="msmedia_mediaassetcategory" displayName="Media Asset Category" solution="MediaAssetCDM (1.1.3.2)" />
        <Dependent type="2" schemaName="owneridname" parentSchemaName="msmedia_mediaassetcategory" parentDisplayName="Media Asset Category" />
      </MissingDependency>
      <MissingDependency>
        <Required type="1" schemaName="msmedia_mediaassetcategory" displayName="Media Asset Category" solution="MediaAssetCDM (1.1.3.2)" />
        <Dependent type="2" schemaName="owneridtype" parentSchemaName="msmedia_mediaassetcategory" parentDisplayName="Media Asset Category" />
      </MissingDependency>
      <MissingDependency>
        <Required type="1" schemaName="msmedia_mediaassetcategory" displayName="Media Asset Category" solution="MediaAssetCDM (1.1.3.2)" />
        <Dependent type="2" schemaName="owneridyominame" parentSchemaName="msmedia_mediaassetcategory" parentDisplayName="Media Asset Category" />
      </MissingDependency>
      <MissingDependency>
        <Required type="1" schemaName="msmedia_mediaassetcategory" displayName="Media Asset Category" solution="MediaAssetCDM (1.1.3.2)" />
        <Dependent type="2" schemaName="owningbusinessunit" displayName="Owning Business Unit" parentSchemaName="msmedia_mediaassetcategory" parentDisplayName="Media Asset Category" />
      </MissingDependency>
      <MissingDependency>
        <Required type="1" schemaName="msmedia_mediaassetcategory" displayName="Media Asset Category" solution="MediaAssetCDM (1.1.3.2)" />
        <Dependent type="2" schemaName="owningteam" displayName="Owning Team" parentSchemaName="msmedia_mediaassetcategory" parentDisplayName="Media Asset Category" />
      </MissingDependency>
      <MissingDependency>
        <Required type="1" schemaName="msmedia_mediaassetcategory" displayName="Media Asset Category" solution="MediaAssetCDM (1.1.3.2)" />
        <Dependent type="2" schemaName="owninguser" displayName="Owning User" parentSchemaName="msmedia_mediaassetcategory" parentDisplayName="Media Asset Category" />
      </MissingDependency>
      <MissingDependency>
        <Required type="1" schemaName="msmedia_mediaassetcategory" displayName="Media Asset Category" solution="MediaAssetCDM (1.1.3.2)" />
        <Dependent type="2" schemaName="statecodename" parentSchemaName="msmedia_mediaassetcategory" parentDisplayName="Media Asset Category" />
      </MissingDependency>
      <MissingDependency>
        <Required type="1" schemaName="msmedia_mediaassetcategory" displayName="Media Asset Category" solution="MediaAssetCDM (1.1.3.2)" />
        <Dependent type="2" schemaName="statuscodename" parentSchemaName="msmedia_mediaassetcategory" parentDisplayName="Media Asset Category" />
      </MissingDependency>
      <MissingDependency>
        <Required type="1" schemaName="msmedia_mediaassetcategory" displayName="Media Asset Category" solution="MediaAssetCDM (1.1.3.2)" />
        <Dependent type="2" schemaName="versionnumber" displayName="Version Number" parentSchemaName="msmedia_mediaassetcategory" parentDisplayName="Media Asset Category" />
      </MissingDependency>
      <MissingDependency>
        <Required type="1" schemaName="msmedia_mediaassetcategory" displayName="Media Asset Category" solution="MediaAssetCDM (1.1.3.2)" />
        <Dependent type="50" schemaName="msmedia_mediaassetcategory:RibbonDiffXml" parentSchemaName="ribboncustomization" parentDisplayName="Application Ribbons" />
      </MissingDependency>
      <MissingDependency>
        <Required type="1" schemaName="msmedia_mediaassetcategory" displayName="Media Asset Category" solution="MediaAssetCDM (1.1.3.2)" />
        <Dependent type="68" id="{6b086eea-4559-400e-ad35-86699d93f18c}" />
      </MissingDependency>
      <MissingDependency>
        <Required type="61" schemaName="msmedia_MediaAssetCategorySVG" displayName="msmedia_MediaAssetCategorySVG" solution="MediaAssetCDM (1.1.3.2)" />
        <Dependent type="61" schemaName="msmedia_MediaAssetCategorySVG" displayName="msmedia_MediaAssetCategorySVG" />
      </MissingDependency>
      <MissingDependency>
        <Required type="61" schemaName="msmedia_MediaAssetsSVG" displayName="msmedia_MediaAssetsSVG" solution="MediaAssetCDM (1.1.3.2)" />
        <Dependent type="61" schemaName="msmedia_MediaAssetsSVG" displayName="msmedia_MediaAssetsSVG" />
      </MissingDependency>
      <MissingDependency>
        <Required type="66" schemaName="MscrmControls.FieldControls.ToggleControl" displayName="MscrmControls.FieldControls.ToggleControl" solution="BaseCustomControlsCore (9.0.2104.4005)" />
        <Dependent type="60" displayName="Guest Main Form" parentDisplayName="Guest" id="{165a28fe-e798-4086-ae69-3ef841d84590}" />
      </MissingDependency>
      <MissingDependency>
        <Required type="66" schemaName="MscrmControls.FlipSwitch.FlipSwitchControl" displayName="MscrmControls.FlipSwitch.FlipSwitchControl" solution="CustomControlsCore (9.2.21044.00130)" />
        <Dependent type="60" displayName="Guest Main Form" parentDisplayName="Guest" id="{165a28fe-e798-4086-ae69-3ef841d84590}" />
      </MissingDependency>
      <MissingDependency>
        <Required type="9" schemaName="msmedia_assettype" displayName="Media Asset Type" solution="MediaAssetCDM (1.1.3.2)" />
        <Dependent type="9" schemaName="msmedia_assettype" displayName="Media Asset Type" />
      </MissingDependency>
    </MissingDependencies>
  </SolutionManifest>
</ImportExportXml>