<ImportExportXml version="9.1.0.19251" SolutionPackageVersion="9.1" languagecode="1033" generatedBy="CrmLive" xmlns:xsi="http://www.w3.org/2001/XMLSchema-instance">
  <SolutionManifest>
    <UniqueName>MediaSports</UniqueName>
    <LocalizedNames>
      <LocalizedName description="Media Sports" languagecode="1033" />
    </LocalizedNames>
    <Descriptions />
    <Version>1.0.3.0</Version>
    <Managed>1</Managed>
    <Publisher>
      <UniqueName>microsoftdynamics365media</UniqueName>
      <LocalizedNames>
        <LocalizedName description="Microsoft Dynamics 365 Media" languagecode="1033" />
      </LocalizedNames>
      <Descriptions />
      <EMailAddress xsi:nil="true"></EMailAddress>
      <SupportingWebsiteUrl xsi:nil="true"></SupportingWebsiteUrl>
      <CustomizationPrefix>msmedia</CustomizationPrefix>
      <CustomizationOptionValuePrefix>76686</CustomizationOptionValuePrefix>
      <Addresses>
        <Address>
          <AddressNumber>1</AddressNumber>
          <AddressTypeCode>1</AddressTypeCode>
          <City xsi:nil="true"></City>
          <County xsi:nil="true"></County>
          <Country xsi:nil="true"></Country>
          <Fax xsi:nil="true"></Fax>
          <FreightTermsCode xsi:nil="true"></FreightTermsCode>
          <ImportSequenceNumber xsi:nil="true"></ImportSequenceNumber>
          <Latitude xsi:nil="true"></Latitude>
          <Line1 xsi:nil="true"></Line1>
          <Line2 xsi:nil="true"></Line2>
          <Line3 xsi:nil="true"></Line3>
          <Longitude xsi:nil="true"></Longitude>
          <Name xsi:nil="true"></Name>
          <PostalCode xsi:nil="true"></PostalCode>
          <PostOfficeBox xsi:nil="true"></PostOfficeBox>
          <PrimaryContactName xsi:nil="true"></PrimaryContactName>
          <ShippingMethodCode>1</ShippingMethodCode>
          <StateOrProvince xsi:nil="true"></StateOrProvince>
          <Telephone1 xsi:nil="true"></Telephone1>
          <Telephone2 xsi:nil="true"></Telephone2>
          <Telephone3 xsi:nil="true"></Telephone3>
          <TimeZoneRuleVersionNumber xsi:nil="true"></TimeZoneRuleVersionNumber>
          <UPSZone xsi:nil="true"></UPSZone>
          <UTCOffset xsi:nil="true"></UTCOffset>
          <UTCConversionTimeZoneCode xsi:nil="true"></UTCConversionTimeZoneCode>
        </Address>
        <Address>
          <AddressNumber>2</AddressNumber>
          <AddressTypeCode>1</AddressTypeCode>
          <City xsi:nil="true"></City>
          <County xsi:nil="true"></County>
          <Country xsi:nil="true"></Country>
          <Fax xsi:nil="true"></Fax>
          <FreightTermsCode xsi:nil="true"></FreightTermsCode>
          <ImportSequenceNumber xsi:nil="true"></ImportSequenceNumber>
          <Latitude xsi:nil="true"></Latitude>
          <Line1 xsi:nil="true"></Line1>
          <Line2 xsi:nil="true"></Line2>
          <Line3 xsi:nil="true"></Line3>
          <Longitude xsi:nil="true"></Longitude>
          <Name xsi:nil="true"></Name>
          <PostalCode xsi:nil="true"></PostalCode>
          <PostOfficeBox xsi:nil="true"></PostOfficeBox>
          <PrimaryContactName xsi:nil="true"></PrimaryContactName>
          <ShippingMethodCode>1</ShippingMethodCode>
          <StateOrProvince xsi:nil="true"></StateOrProvince>
          <Telephone1 xsi:nil="true"></Telephone1>
          <Telephone2 xsi:nil="true"></Telephone2>
          <Telephone3 xsi:nil="true"></Telephone3>
          <TimeZoneRuleVersionNumber xsi:nil="true"></TimeZoneRuleVersionNumber>
          <UPSZone xsi:nil="true"></UPSZone>
          <UTCOffset xsi:nil="true"></UTCOffset>
          <UTCConversionTimeZoneCode xsi:nil="true"></UTCConversionTimeZoneCode>
        </Address>
      </Addresses>
    </Publisher>
    <RootComponents>
      <RootComponent type="1" schemaName="account" behavior="2" />
      <RootComponent type="1" schemaName="msmedia_eventschedule" behavior="2" />
      <RootComponent type="1" schemaName="msmedia_guest" behavior="1" />
      <RootComponent type="1" schemaName="msmedia_league" behavior="0" />
      <RootComponent type="1" schemaName="msmedia_mediaevent" behavior="2" />
      <RootComponent type="1" schemaName="msmedia_mediaregistration" behavior="2" />
      <RootComponent type="1" schemaName="msmedia_mediaregistrationstatuslog" behavior="2" />
      <RootComponent type="1" schemaName="msmedia_playingfield" behavior="0" />
      <RootComponent type="1" schemaName="msmedia_playingfieldimage" behavior="0" />
      <RootComponent type="1" schemaName="msmedia_playingfieldpoint" behavior="0" />
      <RootComponent type="1" schemaName="msmedia_round" behavior="0" />
      <RootComponent type="1" schemaName="msmedia_sportingconference" behavior="0" />
      <RootComponent type="1" schemaName="msmedia_sportingdivision" behavior="0" />
      <RootComponent type="1" schemaName="msmedia_sportsplayer" behavior="0" />
      <RootComponent type="1" schemaName="msmedia_sportsplayerimage" behavior="0" />
      <RootComponent type="1" schemaName="msmedia_sportsplayerteamhistory" behavior="0" />
      <RootComponent type="1" schemaName="msmedia_sportsteam" behavior="0" />
      <RootComponent type="1" schemaName="msmedia_weathercondition" behavior="2" />
      <RootComponent type="9" schemaName="msmedia_altitudeunit" behavior="0" />
      <RootComponent type="9" schemaName="msmedia_fieldmaterial" behavior="0" />
      <RootComponent type="9" schemaName="msmedia_gender" behavior="0" />
      <RootComponent type="9" schemaName="msmedia_leaguetype" behavior="0" />
      <RootComponent type="9" schemaName="msmedia_playingfieldshape" behavior="0" />
      <RootComponent type="9" schemaName="msmedia_rosterstatus" behavior="0" />
      <RootComponent type="9" schemaName="msmedia_sporttypes" behavior="0" />
      <RootComponent type="29" id="{1d71ea19-e183-ea11-a812-000d3a579ca8}" behavior="0" />
      <RootComponent type="60" id="{0079b79c-421f-419c-98fa-34389e6b795a}" behavior="0" />
      <RootComponent type="60" id="{165a28fe-e798-4086-ae69-3ef841d84590}" />
      <RootComponent type="60" id="{25d8aa6c-9ace-474a-b088-af403b5508ee}" behavior="0" />
      <RootComponent type="60" id="{8624ed5a-c684-ea11-a812-000d3a579ca8}" behavior="0" />
      <RootComponent type="60" id="{a9f7c407-7089-ea11-a812-000d3a4e3831}" behavior="0" />
      <RootComponent type="61" schemaName="msmedia_LeaguesSVG" behavior="0" />
      <RootComponent type="61" schemaName="msmedia_PlayingFieldsSVG" behavior="0" />
      <RootComponent type="61" schemaName="msmedia_RoundsSVG" behavior="0" />
      <RootComponent type="61" schemaName="msmedia_SportingConferencesSVG" behavior="0" />
      <RootComponent type="61" schemaName="msmedia_SportingDivisionsSVG" behavior="0" />
      <RootComponent type="61" schemaName="msmedia_SportsPlayersSVG" behavior="0" />
      <RootComponent type="61" schemaName="msmedia_SportsTeamsSVG" behavior="0" />
      <RootComponent type="300" schemaName="msmedia_imagegalleryplayingfields_ed330" behavior="0" />
      <RootComponent type="300" schemaName="msmedia_imagegallerysportsplayer_9a973" behavior="0" />
      <RootComponent type="431" schemaName="msmedia_playingfield msmedia_image" behavior="0" />
      <RootComponent type="431" schemaName="msmedia_sportsplayer msmedia_image" behavior="0" />
      <RootComponent type="432" schemaName="msmedia_playingfield" behavior="0" />
      <RootComponent type="432" schemaName="msmedia_sportsplayer" behavior="0" />
    </RootComponents>
    <MissingDependencies>
      <MissingDependency>
        <Required key="0" type="1" schemaName="msmedia_eventschedule" displayName="Event Schedule" solution="MediaEventsVenues (1.0.3.1)" />
        <Dependent key="0" type="1" schemaName="msmedia_eventschedule" displayName="Event Schedule" />
      </MissingDependency>
      <MissingDependency>
        <Required key="1" type="1" schemaName="msmedia_weathercondition" displayName="Weather Condition" solution="MediaEventsVenues (1.0.3.1)" />
        <Dependent key="1" type="1" schemaName="msmedia_weathercondition" displayName="Weather Condition" />
      </MissingDependency>
      <MissingDependency>
        <Required key="2" type="1" schemaName="msmedia_mediaregistrationstatuslog" displayName="Media Registration Status Log" solution="MediaEventsVenues (1.0.3.1)" />
        <Dependent key="2" type="1" schemaName="msmedia_mediaregistrationstatuslog" displayName="Media Registration Status Log" />
      </MissingDependency>
      <MissingDependency>
        <Required key="3" type="1" schemaName="msmedia_guest" displayName="Guest" solution="MediaCommon (1.0.3.0)" />
        <Dependent key="3" type="1" schemaName="msmedia_guest" displayName="Guest" />
      </MissingDependency>
      <MissingDependency>
        <Required key="4" type="1" schemaName="msmedia_mediaevent" displayName="Media Event" solution="MediaEventsVenues (1.0.3.1)" />
        <Dependent key="4" type="1" schemaName="msmedia_mediaevent" displayName="Media Event" />
      </MissingDependency>
      <MissingDependency>
        <Required key="5" type="1" schemaName="msmedia_mediaregistration" displayName="Media Registration" solution="MediaEventsVenues (1.0.3.1)" />
        <Dependent key="5" type="1" schemaName="msmedia_mediaregistration" displayName="Media Registration" />
      </MissingDependency>
      <MissingDependency>
        <Required key="3" type="1" schemaName="msmedia_guest" displayName="Guest" solution="MediaCommon (1.0.3.0)" />
        <Dependent key="6" type="2" schemaName="msmedia_favoriteteam1name" parentSchemaName="msmedia_guest" parentDisplayName="Guest" />
      </MissingDependency>
      <MissingDependency>
        <Required key="3" type="1" schemaName="msmedia_guest" displayName="Guest" solution="MediaCommon (1.0.3.0)" />
        <Dependent key="7" type="2" schemaName="msmedia_favoriteteam2" displayName="Favorite Team 2" parentSchemaName="msmedia_guest" parentDisplayName="Guest" />
      </MissingDependency>
      <MissingDependency>
        <Required key="3" type="1" schemaName="msmedia_guest" displayName="Guest" solution="MediaCommon (1.0.3.0)" />
        <Dependent key="8" type="2" schemaName="msmedia_favoriteteam1" displayName="Favorite Team1" parentSchemaName="msmedia_guest" parentDisplayName="Guest" />
      </MissingDependency>
      <MissingDependency>
        <Required key="3" type="1" schemaName="msmedia_guest" displayName="Guest" solution="MediaCommon (1.0.3.0)" />
        <Dependent key="9" type="2" schemaName="msmedia_favoriteteam2name" parentSchemaName="msmedia_guest" parentDisplayName="Guest" />
      </MissingDependency>
      <MissingDependency>
        <Required key="1" type="1" schemaName="msmedia_weathercondition" displayName="Weather Condition" solution="MediaEventsVenues (1.0.3.1)" />
        <Dependent key="10" type="2" schemaName="msmedia_mediaeventname" parentSchemaName="msmedia_weathercondition" parentDisplayName="Weather Condition" />
      </MissingDependency>
      <MissingDependency>
        <Required key="11" type="9" schemaName="msmedia_gender" displayName="Gender" solution="MediaCommon (1.0.3.0)" />
        <Dependent key="12" type="2" schemaName="msmedia_gender" displayName="Gender" parentSchemaName="msmedia_sportsplayer" parentDisplayName="Sports Player" />
      </MissingDependency>
      <MissingDependency>
        <Required key="3" type="1" schemaName="msmedia_guest" displayName="Guest" solution="MediaCommon (1.0.3.0)" />
        <Dependent key="13" type="10" schemaName="msmedia_Guest_FavoriteTeam2_msmedia_Sport" displayName="msmedia_Guest_FavoriteTeam2_msmedia_Sport" parentSchemaName="msmedia_sportsteam" parentDisplayName="Sports Team" />
      </MissingDependency>
      <MissingDependency>
        <Required key="1" type="1" schemaName="msmedia_weathercondition" displayName="Weather Condition" solution="MediaEventsVenues (1.0.3.1)" />
        <Dependent key="14" type="10" schemaName="msmedia_WeatherCondition_MediaEvent_msmed" displayName="msmedia_WeatherCondition_MediaEvent_msmed" parentSchemaName="msmedia_weathercondition" parentDisplayName="Weather Condition" />
      </MissingDependency>
      <MissingDependency>
        <Required key="15" type="2" schemaName="msmedia_name" displayName="Name" parentSchemaName="msmedia_mediaevent" parentDisplayName="Media Event" solution="MediaEventsVenues (1.0.3.1)" />
        <Dependent key="14" type="10" schemaName="msmedia_WeatherCondition_MediaEvent_msmed" displayName="msmedia_WeatherCondition_MediaEvent_msmed" parentSchemaName="msmedia_weathercondition" parentDisplayName="Weather Condition" />
      </MissingDependency>
      <MissingDependency>
        <Required key="16" type="2" schemaName="msmedia_mediaeventid" displayName="Media Event" parentSchemaName="msmedia_mediaevent" parentDisplayName="Media Event" solution="MediaEventsVenues (1.0.3.1)" />
        <Dependent key="14" type="10" schemaName="msmedia_WeatherCondition_MediaEvent_msmed" displayName="msmedia_WeatherCondition_MediaEvent_msmed" parentSchemaName="msmedia_weathercondition" parentDisplayName="Weather Condition" />
      </MissingDependency>
      <MissingDependency>
        <Required key="17" type="1" schemaName="msmedia_mediavenue" displayName="Media Venue" solution="MediaEventsVenues (1.0.3.1)" />
        <Dependent key="18" type="10" schemaName="msmedia_PlayingField_ParentMediaVenue_msm" displayName="msmedia_PlayingField_ParentMediaVenue_msm" parentSchemaName="msmedia_mediavenue" parentDisplayName="Media Venue" />
      </MissingDependency>
      <MissingDependency>
        <Required key="19" type="2" schemaName="msmedia_name" displayName="Name" parentSchemaName="msmedia_mediavenue" parentDisplayName="Media Venue" solution="MediaEventsVenues (1.0.3.1)" />
        <Dependent key="18" type="10" schemaName="msmedia_PlayingField_ParentMediaVenue_msm" displayName="msmedia_PlayingField_ParentMediaVenue_msm" parentSchemaName="msmedia_mediavenue" parentDisplayName="Media Venue" />
      </MissingDependency>
      <MissingDependency>
        <Required key="20" type="2" schemaName="msmedia_mediavenueid" displayName="Media Venue" parentSchemaName="msmedia_mediavenue" parentDisplayName="Media Venue" solution="MediaEventsVenues (1.0.3.1)" />
        <Dependent key="18" type="10" schemaName="msmedia_PlayingField_ParentMediaVenue_msm" displayName="msmedia_PlayingField_ParentMediaVenue_msm" parentSchemaName="msmedia_mediavenue" parentDisplayName="Media Venue" />
      </MissingDependency>
      <MissingDependency>
        <Required key="15" type="2" schemaName="msmedia_name" displayName="Name" parentSchemaName="msmedia_mediaevent" parentDisplayName="Media Event" solution="MediaEventsVenues (1.0.3.1)" />
        <Dependent key="21" type="10" schemaName="msmedia_EventSchedule_MediaEvent_msmedia_" displayName="msmedia_EventSchedule_MediaEvent_msmedia_" parentSchemaName="msmedia_eventschedule" parentDisplayName="Event Schedule" />
      </MissingDependency>
      <MissingDependency>
        <Required key="16" type="2" schemaName="msmedia_mediaeventid" displayName="Media Event" parentSchemaName="msmedia_mediaevent" parentDisplayName="Media Event" solution="MediaEventsVenues (1.0.3.1)" />
        <Dependent key="21" type="10" schemaName="msmedia_EventSchedule_MediaEvent_msmedia_" displayName="msmedia_EventSchedule_MediaEvent_msmedia_" parentSchemaName="msmedia_eventschedule" parentDisplayName="Event Schedule" />
      </MissingDependency>
      <MissingDependency>
        <Required key="15" type="2" schemaName="msmedia_name" displayName="Name" parentSchemaName="msmedia_mediaevent" parentDisplayName="Media Event" solution="MediaEventsVenues (1.0.3.1)" />
        <Dependent key="22" type="10" schemaName="msmedia_MediaRegistration_MediaEvent_msme" displayName="msmedia_MediaRegistration_MediaEvent_msme" parentSchemaName="msmedia_mediaregistration" parentDisplayName="Media Registration" />
      </MissingDependency>
      <MissingDependency>
        <Required key="16" type="2" schemaName="msmedia_mediaeventid" displayName="Media Event" parentSchemaName="msmedia_mediaevent" parentDisplayName="Media Event" solution="MediaEventsVenues (1.0.3.1)" />
        <Dependent key="22" type="10" schemaName="msmedia_MediaRegistration_MediaEvent_msme" displayName="msmedia_MediaRegistration_MediaEvent_msme" parentSchemaName="msmedia_mediaregistration" parentDisplayName="Media Registration" />
      </MissingDependency>
      <MissingDependency>
        <Required key="16" type="2" schemaName="msmedia_mediaeventid" displayName="Media Event" parentSchemaName="msmedia_mediaevent" parentDisplayName="Media Event" solution="MediaEventsVenues (1.0.3.1)" />
        <Dependent key="23" type="10" schemaName="msmedia_MediaRegistrationStatusLog_MediaE" displayName="msmedia_MediaRegistrationStatusLog_MediaE" parentSchemaName="msmedia_mediaregistrationstatuslog" parentDisplayName="Media Registration Status Log" />
      </MissingDependency>
      <MissingDependency>
        <Required key="15" type="2" schemaName="msmedia_name" displayName="Name" parentSchemaName="msmedia_mediaevent" parentDisplayName="Media Event" solution="MediaEventsVenues (1.0.3.1)" />
        <Dependent key="23" type="10" schemaName="msmedia_MediaRegistrationStatusLog_MediaE" displayName="msmedia_MediaRegistrationStatusLog_MediaE" parentSchemaName="msmedia_mediaregistrationstatuslog" parentDisplayName="Media Registration Status Log" />
      </MissingDependency>
      <MissingDependency>
        <Required key="1" type="1" schemaName="msmedia_weathercondition" displayName="Weather Condition" solution="MediaEventsVenues (1.0.3.1)" />
        <Dependent key="24" type="60" displayName="Media Event Sports Main Form" parentDisplayName="Media Event" id="{a9f7c407-7089-ea11-a812-000d3a4e3831}" />
      </MissingDependency>
      <MissingDependency>
        <Required key="25" type="1" schemaName="msmedia_attractionschedule" displayName="Attraction Schedule" solution="MediaEventsVenues (1.0.3.1)" />
        <Dependent key="24" type="60" displayName="Media Event Sports Main Form" parentDisplayName="Media Event" id="{a9f7c407-7089-ea11-a812-000d3a4e3831}" />
      </MissingDependency>
      <MissingDependency>
        <Required key="26" type="1" schemaName="msmedia_eventattraction" displayName="Event Attraction" solution="MediaEventsVenues (1.0.3.1)" />
        <Dependent key="24" type="60" displayName="Media Event Sports Main Form" parentDisplayName="Media Event" id="{a9f7c407-7089-ea11-a812-000d3a4e3831}" />
      </MissingDependency>
      <MissingDependency>
        <Required key="17" type="1" schemaName="msmedia_mediavenue" displayName="Media Venue" solution="MediaEventsVenues (1.0.3.1)" />
        <Dependent key="24" type="60" displayName="Media Event Sports Main Form" parentDisplayName="Media Event" id="{a9f7c407-7089-ea11-a812-000d3a4e3831}" />
      </MissingDependency>
      <MissingDependency>
        <Required key="27" type="1" schemaName="msmedia_concessionpartner" displayName="Concession Partner" solution="MediaEventsVenues (1.0.3.1)" />
        <Dependent key="24" type="60" displayName="Media Event Sports Main Form" parentDisplayName="Media Event" id="{a9f7c407-7089-ea11-a812-000d3a4e3831}" />
      </MissingDependency>
      <MissingDependency>
        <Required key="28" type="1" schemaName="msmedia_talent" displayName="Talent" solution="MediaCommon (1.0.3.0)" />
        <Dependent key="24" type="60" displayName="Media Event Sports Main Form" parentDisplayName="Media Event" id="{a9f7c407-7089-ea11-a812-000d3a4e3831}" />
      </MissingDependency>
      <MissingDependency>
        <Required key="29" type="2" schemaName="msmedia_soldouton" displayName="Sold Out On" parentSchemaName="msmedia_mediaevent" parentDisplayName="Media Event" solution="MediaEventsVenues (1.0.3.1)" />
        <Dependent key="24" type="60" displayName="Media Event Sports Main Form" parentDisplayName="Media Event" id="{a9f7c407-7089-ea11-a812-000d3a4e3831}" />
      </MissingDependency>
      <MissingDependency>
        <Required key="30" type="2" schemaName="msmedia_registrationisrequired" displayName="Registration Is Required" parentSchemaName="msmedia_mediaevent" parentDisplayName="Media Event" solution="MediaEventsVenues (1.0.3.1)" />
        <Dependent key="24" type="60" displayName="Media Event Sports Main Form" parentDisplayName="Media Event" id="{a9f7c407-7089-ea11-a812-000d3a4e3831}" />
      </MissingDependency>
      <MissingDependency>
        <Required key="31" type="2" schemaName="ownerid" displayName="Owner" parentSchemaName="msmedia_mediaevent" parentDisplayName="Media Event" solution="Active" />
        <Dependent key="24" type="60" displayName="Media Event Sports Main Form" parentDisplayName="Media Event" id="{a9f7c407-7089-ea11-a812-000d3a4e3831}" />
      </MissingDependency>
      <MissingDependency>
        <Required key="32" type="2" schemaName="msmedia_eventtopic" displayName="Event Topic" parentSchemaName="msmedia_mediaevent" parentDisplayName="Media Event" solution="MediaEventsVenues (1.0.3.1)" />
        <Dependent key="24" type="60" displayName="Media Event Sports Main Form" parentDisplayName="Media Event" id="{a9f7c407-7089-ea11-a812-000d3a4e3831}" />
      </MissingDependency>
      <MissingDependency>
        <Required key="33" type="2" schemaName="msmedia_registrationcloseson" displayName="Registration Closes On" parentSchemaName="msmedia_mediaevent" parentDisplayName="Media Event" solution="MediaEventsVenues (1.0.3.1)" />
        <Dependent key="24" type="60" displayName="Media Event Sports Main Form" parentDisplayName="Media Event" id="{a9f7c407-7089-ea11-a812-000d3a4e3831}" />
      </MissingDependency>
      <MissingDependency>
        <Required key="34" type="2" schemaName="msmedia_registrationopenson" displayName="Registration Opens On" parentSchemaName="msmedia_mediaevent" parentDisplayName="Media Event" solution="MediaEventsVenues (1.0.3.1)" />
        <Dependent key="24" type="60" displayName="Media Event Sports Main Form" parentDisplayName="Media Event" id="{a9f7c407-7089-ea11-a812-000d3a4e3831}" />
      </MissingDependency>
      <MissingDependency>
        <Required key="35" type="2" schemaName="msmedia_enddate" displayName="End Date" parentSchemaName="msmedia_mediaevent" parentDisplayName="Media Event" solution="MediaEventsVenues (1.0.3.1)" />
        <Dependent key="24" type="60" displayName="Media Event Sports Main Form" parentDisplayName="Media Event" id="{a9f7c407-7089-ea11-a812-000d3a4e3831}" />
      </MissingDependency>
      <MissingDependency>
        <Required key="36" type="2" schemaName="msmedia_primaryvenue" displayName="Primary Venue" parentSchemaName="msmedia_mediaevent" parentDisplayName="Media Event" solution="MediaEventsVenues (1.0.3.1)" />
        <Dependent key="24" type="60" displayName="Media Event Sports Main Form" parentDisplayName="Media Event" id="{a9f7c407-7089-ea11-a812-000d3a4e3831}" />
      </MissingDependency>
      <MissingDependency>
        <Required key="37" type="2" schemaName="msmedia_eventschedule" displayName="Event Schedule" parentSchemaName="msmedia_attractionschedule" parentDisplayName="Attraction Schedule" solution="MediaEventsVenues (1.0.3.1)" />
        <Dependent key="24" type="60" displayName="Media Event Sports Main Form" parentDisplayName="Media Event" id="{a9f7c407-7089-ea11-a812-000d3a4e3831}" />
      </MissingDependency>
      <MissingDependency>
        <Required key="38" type="2" schemaName="msmedia_dresscode" displayName="Dress Code" parentSchemaName="msmedia_mediaevent" parentDisplayName="Media Event" solution="MediaEventsVenues (1.0.3.1)" />
        <Dependent key="24" type="60" displayName="Media Event Sports Main Form" parentDisplayName="Media Event" id="{a9f7c407-7089-ea11-a812-000d3a4e3831}" />
      </MissingDependency>
      <MissingDependency>
        <Required key="39" type="2" schemaName="msmedia_earlybirdclosuredate" displayName="Early Bird Closure Date" parentSchemaName="msmedia_mediaevent" parentDisplayName="Media Event" solution="MediaEventsVenues (1.0.3.1)" />
        <Dependent key="24" type="60" displayName="Media Event Sports Main Form" parentDisplayName="Media Event" id="{a9f7c407-7089-ea11-a812-000d3a4e3831}" />
      </MissingDependency>
      <MissingDependency>
        <Required key="40" type="2" schemaName="msmedia_issoldout" displayName="Is Sold Out" parentSchemaName="msmedia_mediaevent" parentDisplayName="Media Event" solution="MediaEventsVenues (1.0.3.1)" />
        <Dependent key="24" type="60" displayName="Media Event Sports Main Form" parentDisplayName="Media Event" id="{a9f7c407-7089-ea11-a812-000d3a4e3831}" />
      </MissingDependency>
      <MissingDependency>
        <Required key="41" type="2" schemaName="msmedia_capacity" displayName="Capacity" parentSchemaName="msmedia_mediaevent" parentDisplayName="Media Event" solution="MediaEventsVenues (1.0.3.1)" />
        <Dependent key="24" type="60" displayName="Media Event Sports Main Form" parentDisplayName="Media Event" id="{a9f7c407-7089-ea11-a812-000d3a4e3831}" />
      </MissingDependency>
      <MissingDependency>
        <Required key="42" type="2" schemaName="msmedia_numberattended" displayName="Number Attended" parentSchemaName="msmedia_mediaevent" parentDisplayName="Media Event" solution="MediaEventsVenues (1.0.3.1)" />
        <Dependent key="24" type="60" displayName="Media Event Sports Main Form" parentDisplayName="Media Event" id="{a9f7c407-7089-ea11-a812-000d3a4e3831}" />
      </MissingDependency>
      <MissingDependency>
        <Required key="43" type="2" schemaName="msmedia_numberregistered" displayName="Number Registered" parentSchemaName="msmedia_mediaevent" parentDisplayName="Media Event" solution="MediaEventsVenues (1.0.3.1)" />
        <Dependent key="24" type="60" displayName="Media Event Sports Main Form" parentDisplayName="Media Event" id="{a9f7c407-7089-ea11-a812-000d3a4e3831}" />
      </MissingDependency>
      <MissingDependency>
        <Required key="44" type="2" schemaName="msmedia_timezone" displayName="Time Zone" parentSchemaName="msmedia_mediaevent" parentDisplayName="Media Event" solution="MediaEventsVenues (1.0.3.1)" />
        <Dependent key="24" type="60" displayName="Media Event Sports Main Form" parentDisplayName="Media Event" id="{a9f7c407-7089-ea11-a812-000d3a4e3831}" />
      </MissingDependency>
      <MissingDependency>
        <Required key="45" type="2" schemaName="msmedia_agerestrictions" displayName="Age Restrictions" parentSchemaName="msmedia_mediaevent" parentDisplayName="Media Event" solution="MediaEventsVenues (1.0.3.1)" />
        <Dependent key="24" type="60" displayName="Media Event Sports Main Form" parentDisplayName="Media Event" id="{a9f7c407-7089-ea11-a812-000d3a4e3831}" />
      </MissingDependency>
      <MissingDependency>
        <Required key="46" type="2" schemaName="msmedia_startdate" displayName="Start Date" parentSchemaName="msmedia_mediaevent" parentDisplayName="Media Event" solution="MediaEventsVenues (1.0.3.1)" />
        <Dependent key="24" type="60" displayName="Media Event Sports Main Form" parentDisplayName="Media Event" id="{a9f7c407-7089-ea11-a812-000d3a4e3831}" />
      </MissingDependency>
      <MissingDependency>
        <Required key="47" type="2" schemaName="msmedia_seriescollectionname" displayName="Series / Collection Name" parentSchemaName="msmedia_mediaevent" parentDisplayName="Media Event" solution="MediaEventsVenues (1.0.3.1)" />
        <Dependent key="24" type="60" displayName="Media Event Sports Main Form" parentDisplayName="Media Event" id="{a9f7c407-7089-ea11-a812-000d3a4e3831}" />
      </MissingDependency>
      <MissingDependency>
        <Required key="48" type="2" schemaName="msmedia_ticketingrequired" displayName="Ticketing Required" parentSchemaName="msmedia_mediaevent" parentDisplayName="Media Event" solution="MediaEventsVenues (1.0.3.1)" />
        <Dependent key="24" type="60" displayName="Media Event Sports Main Form" parentDisplayName="Media Event" id="{a9f7c407-7089-ea11-a812-000d3a4e3831}" />
      </MissingDependency>
      <MissingDependency>
        <Required key="49" type="2" schemaName="createdon" displayName="Created On" parentSchemaName="msmedia_mediaevent" parentDisplayName="Media Event" solution="MediaEventsVenues (1.0.3.1)" />
        <Dependent key="24" type="60" displayName="Media Event Sports Main Form" parentDisplayName="Media Event" id="{a9f7c407-7089-ea11-a812-000d3a4e3831}" />
      </MissingDependency>
      <MissingDependency>
        <Required key="50" type="2" schemaName="msmedia_registrationurl" displayName="Registration URL" parentSchemaName="msmedia_mediaevent" parentDisplayName="Media Event" solution="MediaEventsVenues (1.0.3.1)" />
        <Dependent key="24" type="60" displayName="Media Event Sports Main Form" parentDisplayName="Media Event" id="{a9f7c407-7089-ea11-a812-000d3a4e3831}" />
      </MissingDependency>
      <MissingDependency>
        <Required key="51" type="2" schemaName="msmedia_totalcost" displayName="Total Cost" parentSchemaName="msmedia_mediaevent" parentDisplayName="Media Event" solution="MediaEventsVenues (1.0.3.1)" />
        <Dependent key="24" type="60" displayName="Media Event Sports Main Form" parentDisplayName="Media Event" id="{a9f7c407-7089-ea11-a812-000d3a4e3831}" />
      </MissingDependency>
      <MissingDependency>
        <Required key="52" type="2" schemaName="msmedia_season" displayName="Season" parentSchemaName="msmedia_mediaevent" parentDisplayName="Media Event" solution="MediaEventsVenues (1.0.3.1)" />
        <Dependent key="24" type="60" displayName="Media Event Sports Main Form" parentDisplayName="Media Event" id="{a9f7c407-7089-ea11-a812-000d3a4e3831}" />
      </MissingDependency>
      <MissingDependency>
        <Required key="53" type="2" schemaName="msmedia_barcodeenabled" displayName="Barcode Enabled" parentSchemaName="msmedia_mediaevent" parentDisplayName="Media Event" solution="MediaEventsVenues (1.0.3.1)" />
        <Dependent key="24" type="60" displayName="Media Event Sports Main Form" parentDisplayName="Media Event" id="{a9f7c407-7089-ea11-a812-000d3a4e3831}" />
      </MissingDependency>
      <MissingDependency>
        <Required key="54" type="2" schemaName="msmedia_eventsubtitle" displayName="Event Subtitle" parentSchemaName="msmedia_mediaevent" parentDisplayName="Media Event" solution="MediaEventsVenues (1.0.3.1)" />
        <Dependent key="24" type="60" displayName="Media Event Sports Main Form" parentDisplayName="Media Event" id="{a9f7c407-7089-ea11-a812-000d3a4e3831}" />
      </MissingDependency>
      <MissingDependency>
        <Required key="55" type="2" schemaName="msmedia_seatingoptions" displayName="Seating Options" parentSchemaName="msmedia_mediaevent" parentDisplayName="Media Event" solution="MediaEventsVenues (1.0.3.1)" />
        <Dependent key="24" type="60" displayName="Media Event Sports Main Form" parentDisplayName="Media Event" id="{a9f7c407-7089-ea11-a812-000d3a4e3831}" />
      </MissingDependency>
      <MissingDependency>
        <Required key="56" type="2" schemaName="msmedia_lastupdated" displayName="Last Updated" parentSchemaName="msmedia_mediaevent" parentDisplayName="Media Event" solution="MediaEventsVenues (1.0.3.1)" />
        <Dependent key="24" type="60" displayName="Media Event Sports Main Form" parentDisplayName="Media Event" id="{a9f7c407-7089-ea11-a812-000d3a4e3831}" />
      </MissingDependency>
      <MissingDependency>
        <Required key="57" type="2" schemaName="msmedia_eventtype" displayName="Event Type" parentSchemaName="msmedia_mediaevent" parentDisplayName="Media Event" solution="MediaEventsVenues (1.0.3.1)" />
        <Dependent key="24" type="60" displayName="Media Event Sports Main Form" parentDisplayName="Media Event" id="{a9f7c407-7089-ea11-a812-000d3a4e3831}" />
      </MissingDependency>
      <MissingDependency>
        <Required key="58" type="2" schemaName="msmedia_revenuegenerated" displayName="Revenue Generated" parentSchemaName="msmedia_mediaevent" parentDisplayName="Media Event" solution="MediaEventsVenues (1.0.3.1)" />
        <Dependent key="24" type="60" displayName="Media Event Sports Main Form" parentDisplayName="Media Event" id="{a9f7c407-7089-ea11-a812-000d3a4e3831}" />
      </MissingDependency>
      <MissingDependency>
        <Required key="59" type="2" schemaName="msmedia_duration" displayName="Duration" parentSchemaName="msmedia_mediaevent" parentDisplayName="Media Event" solution="MediaEventsVenues (1.0.3.1)" />
        <Dependent key="24" type="60" displayName="Media Event Sports Main Form" parentDisplayName="Media Event" id="{a9f7c407-7089-ea11-a812-000d3a4e3831}" />
      </MissingDependency>
      <MissingDependency>
        <Required key="60" type="2" schemaName="msmedia_producer" displayName="Producer " parentSchemaName="msmedia_mediaevent" parentDisplayName="Media Event" solution="MediaEventsVenues (1.0.3.1)" />
        <Dependent key="24" type="60" displayName="Media Event Sports Main Form" parentDisplayName="Media Event" id="{a9f7c407-7089-ea11-a812-000d3a4e3831}" />
      </MissingDependency>
      <MissingDependency>
        <Required key="61" type="2" schemaName="msmedia_primaryperformer" displayName="Primary Performer" parentSchemaName="msmedia_mediaevent" parentDisplayName="Media Event" solution="MediaEventsVenues (1.0.3.1)" />
        <Dependent key="24" type="60" displayName="Media Event Sports Main Form" parentDisplayName="Media Event" id="{a9f7c407-7089-ea11-a812-000d3a4e3831}" />
      </MissingDependency>
      <MissingDependency>
        <Required key="15" type="2" schemaName="msmedia_name" displayName="Name" parentSchemaName="msmedia_mediaevent" parentDisplayName="Media Event" solution="MediaEventsVenues (1.0.3.1)" />
        <Dependent key="24" type="60" displayName="Media Event Sports Main Form" parentDisplayName="Media Event" id="{a9f7c407-7089-ea11-a812-000d3a4e3831}" />
      </MissingDependency>
      <MissingDependency>
        <Required key="62" type="2" schemaName="msmedia_directions" displayName="Directions" parentSchemaName="msmedia_mediaevent" parentDisplayName="Media Event" solution="MediaEventsVenues (1.0.3.1)" />
        <Dependent key="24" type="60" displayName="Media Event Sports Main Form" parentDisplayName="Media Event" id="{a9f7c407-7089-ea11-a812-000d3a4e3831}" />
      </MissingDependency>
      <MissingDependency>
        <Required key="63" type="2" schemaName="msmedia_availableformats" displayName="Available Formats" parentSchemaName="msmedia_mediaevent" parentDisplayName="Media Event" solution="MediaEventsVenues (1.0.3.1)" />
        <Dependent key="24" type="60" displayName="Media Event Sports Main Form" parentDisplayName="Media Event" id="{a9f7c407-7089-ea11-a812-000d3a4e3831}" />
      </MissingDependency>
      <MissingDependency>
        <Required key="64" type="2" schemaName="msmedia_theme" displayName="Theme" parentSchemaName="msmedia_mediaevent" parentDisplayName="Media Event" solution="MediaEventsVenues (1.0.3.1)" />
        <Dependent key="24" type="60" displayName="Media Event Sports Main Form" parentDisplayName="Media Event" id="{a9f7c407-7089-ea11-a812-000d3a4e3831}" />
      </MissingDependency>
      <MissingDependency>
        <Required key="65" type="2" schemaName="msmedia_parentevent" displayName="Parent Event" parentSchemaName="msmedia_mediaevent" parentDisplayName="Media Event" solution="MediaEventsVenues (1.0.3.1)" />
        <Dependent key="24" type="60" displayName="Media Event Sports Main Form" parentDisplayName="Media Event" id="{a9f7c407-7089-ea11-a812-000d3a4e3831}" />
      </MissingDependency>
      <MissingDependency>
        <Required key="66" type="2" schemaName="msmedia_totalprofit" displayName="Total Profit" parentSchemaName="msmedia_mediaevent" parentDisplayName="Media Event" solution="MediaEventsVenues (1.0.3.1)" />
        <Dependent key="24" type="60" displayName="Media Event Sports Main Form" parentDisplayName="Media Event" id="{a9f7c407-7089-ea11-a812-000d3a4e3831}" />
      </MissingDependency>
      <MissingDependency>
        <Required key="67" type="2" schemaName="msmedia_eventnumber" displayName="Event Number" parentSchemaName="msmedia_mediaevent" parentDisplayName="Media Event" solution="MediaEventsVenues (1.0.3.1)" />
        <Dependent key="24" type="60" displayName="Media Event Sports Main Form" parentDisplayName="Media Event" id="{a9f7c407-7089-ea11-a812-000d3a4e3831}" />
      </MissingDependency>
      <MissingDependency>
        <Required key="68" type="2" schemaName="msmedia_eventurl" displayName="Event URL" parentSchemaName="msmedia_mediaevent" parentDisplayName="Media Event" solution="MediaEventsVenues (1.0.3.1)" />
        <Dependent key="24" type="60" displayName="Media Event Sports Main Form" parentDisplayName="Media Event" id="{a9f7c407-7089-ea11-a812-000d3a4e3831}" />
      </MissingDependency>
      <MissingDependency>
        <Required key="69" type="2" schemaName="msmedia_description" displayName="Description" parentSchemaName="msmedia_mediaevent" parentDisplayName="Media Event" solution="MediaEventsVenues (1.0.3.1)" />
        <Dependent key="24" type="60" displayName="Media Event Sports Main Form" parentDisplayName="Media Event" id="{a9f7c407-7089-ea11-a812-000d3a4e3831}" />
      </MissingDependency>
      <MissingDependency>
        <Required key="70" type="2" schemaName="msmedia_durationunit" displayName="Duration Unit" parentSchemaName="msmedia_mediaevent" parentDisplayName="Media Event" solution="MediaEventsVenues (1.0.3.1)" />
        <Dependent key="24" type="60" displayName="Media Event Sports Main Form" parentDisplayName="Media Event" id="{a9f7c407-7089-ea11-a812-000d3a4e3831}" />
      </MissingDependency>
      <MissingDependency>
        <Required key="71" type="10" schemaName="msmedia_MediaEvent_msmedia_MediaVenue_msm" displayName="msmedia_MediaEvent_msmedia_MediaVenue_msm" parentSchemaName="msmedia_mediavenue" parentDisplayName="Media Venue" solution="MediaEventsVenues (1.0.3.1)" />
        <Dependent key="24" type="60" displayName="Media Event Sports Main Form" parentDisplayName="Media Event" id="{a9f7c407-7089-ea11-a812-000d3a4e3831}" />
      </MissingDependency>
      <MissingDependency>
        <Required key="72" type="10" schemaName="msmedia_MediaEvent_PrimaryVenue_msmedia_M" displayName="msmedia_MediaEvent_PrimaryVenue_msmedia_M" parentSchemaName="msmedia_mediaevent" parentDisplayName="Media Event" solution="MediaEventsVenues (1.0.3.1)" />
        <Dependent key="24" type="60" displayName="Media Event Sports Main Form" parentDisplayName="Media Event" id="{a9f7c407-7089-ea11-a812-000d3a4e3831}" />
      </MissingDependency>
      <MissingDependency>
        <Required key="73" type="10" schemaName="msmedia_ConcessionPartner_MediaEvent_msme" displayName="msmedia_ConcessionPartner_MediaEvent_msme" parentSchemaName="msmedia_concessionpartner" parentDisplayName="Concession Partner" solution="MediaEventsVenues (1.0.3.1)" />
        <Dependent key="24" type="60" displayName="Media Event Sports Main Form" parentDisplayName="Media Event" id="{a9f7c407-7089-ea11-a812-000d3a4e3831}" />
      </MissingDependency>
      <MissingDependency>
        <Required key="74" type="10" schemaName="msmedia_MediaEvent_PrimaryPerformer_msmed" displayName="msmedia_MediaEvent_PrimaryPerformer_msmed" parentSchemaName="msmedia_mediaevent" parentDisplayName="Media Event" solution="MediaEventsVenues (1.0.3.1)" />
        <Dependent key="24" type="60" displayName="Media Event Sports Main Form" parentDisplayName="Media Event" id="{a9f7c407-7089-ea11-a812-000d3a4e3831}" />
      </MissingDependency>
      <MissingDependency>
        <Required key="75" type="10" schemaName="msmedia_EventAttraction_MediaEvent_msmedi" displayName="msmedia_EventAttraction_MediaEvent_msmedi" parentSchemaName="msmedia_eventattraction" parentDisplayName="Event Attraction" solution="MediaEventsVenues (1.0.3.1)" />
        <Dependent key="24" type="60" displayName="Media Event Sports Main Form" parentDisplayName="Media Event" id="{a9f7c407-7089-ea11-a812-000d3a4e3831}" />
      </MissingDependency>
      <MissingDependency>
        <Required key="76" type="10" schemaName="msmedia_MediaEvent_Season_msmedia_Season" displayName="msmedia_MediaEvent_Season_msmedia_Season" parentSchemaName="msmedia_mediaevent" parentDisplayName="Media Event" solution="MediaEventsVenues (1.0.3.1)" />
        <Dependent key="24" type="60" displayName="Media Event Sports Main Form" parentDisplayName="Media Event" id="{a9f7c407-7089-ea11-a812-000d3a4e3831}" />
      </MissingDependency>
      <MissingDependency>
        <Required key="77" type="10" schemaName="msmedia_MediaEvent_Producer_Account" displayName="msmedia_MediaEvent_Producer_Account" parentSchemaName="msmedia_mediaevent" parentDisplayName="Media Event" solution="MediaEventsVenues (1.0.3.1)" />
        <Dependent key="24" type="60" displayName="Media Event Sports Main Form" parentDisplayName="Media Event" id="{a9f7c407-7089-ea11-a812-000d3a4e3831}" />
      </MissingDependency>
      <MissingDependency>
        <Required key="78" type="10" schemaName="msmedia_MediaEvent_ParentEvent_msmedia_Me" displayName="msmedia_MediaEvent_ParentEvent_msmedia_Me" parentSchemaName="msmedia_mediaevent" parentDisplayName="Media Event" solution="MediaEventsVenues (1.0.3.1)" />
        <Dependent key="24" type="60" displayName="Media Event Sports Main Form" parentDisplayName="Media Event" id="{a9f7c407-7089-ea11-a812-000d3a4e3831}" />
      </MissingDependency>
      <MissingDependency>
        <Required key="79" type="10" schemaName="msmedia_MediaEvent_msmedia_Talent_Performers" displayName="msmedia_MediaEvent_msmedia_Talent_Performers" parentSchemaName="msmedia_talent" parentDisplayName="Talent" solution="MediaEventsVenues (1.0.3.1)" />
        <Dependent key="24" type="60" displayName="Media Event Sports Main Form" parentDisplayName="Media Event" id="{a9f7c407-7089-ea11-a812-000d3a4e3831}" />
      </MissingDependency>
      <MissingDependency>
        <Required key="80" type="26" schemaName="Active Media Events" displayName="Active Media Events" parentSchemaName="msmedia_mediaevent" parentDisplayName="Media Event" solution="MediaEventsVenues (1.0.3.1)" id="{b5f9695f-915f-4ab4-8871-f00602ebab4e}" />
        <Dependent key="24" type="60" displayName="Media Event Sports Main Form" parentDisplayName="Media Event" id="{a9f7c407-7089-ea11-a812-000d3a4e3831}" />
      </MissingDependency>
      <MissingDependency>
        <Required key="81" type="26" schemaName="Active Weather Conditions" displayName="Active Weather Conditions" parentSchemaName="msmedia_weathercondition" parentDisplayName="Weather Condition" solution="MediaEventsVenues (1.0.3.1)" id="{60b7ddfa-2e10-47a3-91a9-7568135e316a}" />
        <Dependent key="24" type="60" displayName="Media Event Sports Main Form" parentDisplayName="Media Event" id="{a9f7c407-7089-ea11-a812-000d3a4e3831}" />
      </MissingDependency>
      <MissingDependency>
        <Required key="82" type="26" schemaName="Active Event Schedules" displayName="Active Event Schedules" parentSchemaName="msmedia_eventschedule" parentDisplayName="Event Schedule" solution="MediaEventsVenues (1.0.3.1)" id="{f1ba6f90-3d6a-4b3b-bf98-ffe443fb2c75}" />
        <Dependent key="24" type="60" displayName="Media Event Sports Main Form" parentDisplayName="Media Event" id="{a9f7c407-7089-ea11-a812-000d3a4e3831}" />
      </MissingDependency>
      <MissingDependency>
        <Required key="83" type="26" schemaName="Active Event Attractions" displayName="Active Event Attractions" parentSchemaName="msmedia_eventattraction" parentDisplayName="Event Attraction" solution="MediaEventsVenues (1.0.3.1)" id="{858b6702-ea38-4871-947c-ef40ff30ba53}" />
        <Dependent key="24" type="60" displayName="Media Event Sports Main Form" parentDisplayName="Media Event" id="{a9f7c407-7089-ea11-a812-000d3a4e3831}" />
      </MissingDependency>
      <MissingDependency>
        <Required key="84" type="26" schemaName="Active Media Venues" displayName="Active Media Venues" parentSchemaName="msmedia_mediavenue" parentDisplayName="Media Venue" solution="MediaEventsVenues (1.0.3.1)" id="{c19ccd30-889d-41e8-aec5-fce77d28b3d7}" />
        <Dependent key="24" type="60" displayName="Media Event Sports Main Form" parentDisplayName="Media Event" id="{a9f7c407-7089-ea11-a812-000d3a4e3831}" />
      </MissingDependency>
      <MissingDependency>
        <Required key="85" type="26" schemaName="Active Concession Partners" displayName="Active Concession Partners" parentSchemaName="msmedia_concessionpartner" parentDisplayName="Concession Partner" solution="MediaEventsVenues (1.0.3.1)" id="{07cd8f75-b33e-4bb9-bd60-4c767eb88575}" />
        <Dependent key="24" type="60" displayName="Media Event Sports Main Form" parentDisplayName="Media Event" id="{a9f7c407-7089-ea11-a812-000d3a4e3831}" />
      </MissingDependency>
      <MissingDependency>
        <Required key="86" type="26" schemaName="Media Venue Lookup View" displayName="Media Venue Lookup View" parentSchemaName="msmedia_mediavenue" parentDisplayName="Media Venue" solution="MediaEventsVenues (1.0.3.1)" id="{a12deb6b-1d32-459e-8fa5-e990c16d7196}" />
        <Dependent key="24" type="60" displayName="Media Event Sports Main Form" parentDisplayName="Media Event" id="{a9f7c407-7089-ea11-a812-000d3a4e3831}" />
      </MissingDependency>
      <MissingDependency>
        <Required key="87" type="26" schemaName="Active Talent" displayName="Active Talent" parentSchemaName="msmedia_talent" parentDisplayName="Talent" solution="MediaCommon (1.0.3.0)" id="{5a74ff21-f958-4abc-a97b-d5248ed9573b}" />
        <Dependent key="24" type="60" displayName="Media Event Sports Main Form" parentDisplayName="Media Event" id="{a9f7c407-7089-ea11-a812-000d3a4e3831}" />
      </MissingDependency>
      <MissingDependency>
        <Required key="88" type="26" schemaName="Active Attraction Schedules" displayName="Active Attraction Schedules" parentSchemaName="msmedia_attractionschedule" parentDisplayName="Attraction Schedule" solution="MediaEventsVenues (1.0.3.1)" id="{59fdd3a9-1371-4674-bfca-d574693b260b}" />
        <Dependent key="24" type="60" displayName="Media Event Sports Main Form" parentDisplayName="Media Event" id="{a9f7c407-7089-ea11-a812-000d3a4e3831}" />
      </MissingDependency>
      <MissingDependency>
        <Required key="89" type="66" schemaName="MscrmControls.Grid.GridControl" displayName="MscrmControls.Grid.GridControl" solution="BaseCustomControlsCore (9.0.2006.2014)" />
        <Dependent key="24" type="60" displayName="Media Event Sports Main Form" parentDisplayName="Media Event" id="{a9f7c407-7089-ea11-a812-000d3a4e3831}" />
      </MissingDependency>
      <MissingDependency>
        <Required key="90" type="2" schemaName="msmedia_birthdate" displayName="Birth Date" parentSchemaName="msmedia_guest" parentDisplayName="Guest" solution="MediaCommon (1.0.3.0)" />
        <Dependent key="91" type="60" displayName="Guest Main Form" parentDisplayName="Guest" id="{165a28fe-e798-4086-ae69-3ef841d84590}" />
      </MissingDependency>
      <MissingDependency>
        <Required key="92" type="2" schemaName="msmedia_oktosendemail" displayName="OK to Send Email" parentSchemaName="msmedia_guest" parentDisplayName="Guest" solution="MediaCommon (1.0.3.0)" />
        <Dependent key="91" type="60" displayName="Guest Main Form" parentDisplayName="Guest" id="{165a28fe-e798-4086-ae69-3ef841d84590}" />
      </MissingDependency>
      <MissingDependency>
        <Required key="93" type="2" schemaName="msmedia_state" displayName="State" parentSchemaName="msmedia_guest" parentDisplayName="Guest" solution="MediaCommon (1.0.3.0)" />
        <Dependent key="91" type="60" displayName="Guest Main Form" parentDisplayName="Guest" id="{165a28fe-e798-4086-ae69-3ef841d84590}" />
      </MissingDependency>
      <MissingDependency>
        <Required key="94" type="2" schemaName="msmedia_isaseasonticketholder" displayName="Is a Season Ticket Holder" parentSchemaName="msmedia_guest" parentDisplayName="Guest" solution="MediaCommon (1.0.3.0)" />
        <Dependent key="91" type="60" displayName="Guest Main Form" parentDisplayName="Guest" id="{165a28fe-e798-4086-ae69-3ef841d84590}" />
      </MissingDependency>
      <MissingDependency>
        <Required key="95" type="2" schemaName="msmedia_lastregisteredevent" displayName="Last Registered Event" parentSchemaName="msmedia_guest" parentDisplayName="Guest" solution="MediaEventsVenues (1.0.3.1)" />
        <Dependent key="91" type="60" displayName="Guest Main Form" parentDisplayName="Guest" id="{165a28fe-e798-4086-ae69-3ef841d84590}" />
      </MissingDependency>
      <MissingDependency>
        <Required key="96" type="2" schemaName="msmedia_telephone" displayName="Telephone " parentSchemaName="msmedia_guest" parentDisplayName="Guest" solution="MediaCommon (1.0.3.0)" />
        <Dependent key="91" type="60" displayName="Guest Main Form" parentDisplayName="Guest" id="{165a28fe-e798-4086-ae69-3ef841d84590}" />
      </MissingDependency>
      <MissingDependency>
        <Required key="97" type="2" schemaName="msmedia_firstname" displayName="First Name" parentSchemaName="msmedia_guest" parentDisplayName="Guest" solution="MediaCommon (1.0.3.0)" />
        <Dependent key="91" type="60" displayName="Guest Main Form" parentDisplayName="Guest" id="{165a28fe-e798-4086-ae69-3ef841d84590}" />
      </MissingDependency>
      <MissingDependency>
        <Required key="98" type="2" schemaName="msmedia_lastname" displayName="Last Name" parentSchemaName="msmedia_guest" parentDisplayName="Guest" solution="MediaCommon (1.0.3.0)" />
        <Dependent key="91" type="60" displayName="Guest Main Form" parentDisplayName="Guest" id="{165a28fe-e798-4086-ae69-3ef841d84590}" />
      </MissingDependency>
      <MissingDependency>
        <Required key="99" type="2" schemaName="msmedia_company" displayName="Company" parentSchemaName="msmedia_guest" parentDisplayName="Guest" solution="MediaCommon (1.0.3.0)" />
        <Dependent key="91" type="60" displayName="Guest Main Form" parentDisplayName="Guest" id="{165a28fe-e798-4086-ae69-3ef841d84590}" />
      </MissingDependency>
      <MissingDependency>
        <Required key="100" type="2" schemaName="msmedia_genderidentity" displayName="Gender Identity" parentSchemaName="msmedia_guest" parentDisplayName="Guest" solution="MediaCommon (1.0.3.0)" />
        <Dependent key="91" type="60" displayName="Guest Main Form" parentDisplayName="Guest" id="{165a28fe-e798-4086-ae69-3ef841d84590}" />
      </MissingDependency>
      <MissingDependency>
        <Required key="101" type="2" schemaName="msmedia_pronoun" displayName="Pronoun" parentSchemaName="msmedia_guest" parentDisplayName="Guest" solution="MediaCommon (1.0.3.0)" />
        <Dependent key="91" type="60" displayName="Guest Main Form" parentDisplayName="Guest" id="{165a28fe-e798-4086-ae69-3ef841d84590}" />
      </MissingDependency>
      <MissingDependency>
        <Required key="102" type="2" schemaName="msmedia_jobtitle" displayName="Job Title" parentSchemaName="msmedia_guest" parentDisplayName="Guest" solution="MediaCommon (1.0.3.0)" />
        <Dependent key="91" type="60" displayName="Guest Main Form" parentDisplayName="Guest" id="{165a28fe-e798-4086-ae69-3ef841d84590}" />
      </MissingDependency>
      <MissingDependency>
        <Required key="103" type="2" schemaName="msmedia_oktomail" displayName="OK to Mail" parentSchemaName="msmedia_guest" parentDisplayName="Guest" solution="MediaCommon (1.0.3.0)" />
        <Dependent key="91" type="60" displayName="Guest Main Form" parentDisplayName="Guest" id="{165a28fe-e798-4086-ae69-3ef841d84590}" />
      </MissingDependency>
      <MissingDependency>
        <Required key="104" type="2" schemaName="msmedia_emailaddress" displayName="Email Address" parentSchemaName="msmedia_guest" parentDisplayName="Guest" solution="MediaCommon (1.0.3.0)" />
        <Dependent key="91" type="60" displayName="Guest Main Form" parentDisplayName="Guest" id="{165a28fe-e798-4086-ae69-3ef841d84590}" />
      </MissingDependency>
      <MissingDependency>
        <Required key="105" type="2" schemaName="msmedia_company_name" displayName="Company Name" parentSchemaName="msmedia_guest" parentDisplayName="Guest" solution="MediaCommon (1.0.3.0)" />
        <Dependent key="91" type="60" displayName="Guest Main Form" parentDisplayName="Guest" id="{165a28fe-e798-4086-ae69-3ef841d84590}" />
      </MissingDependency>
      <MissingDependency>
        <Required key="106" type="2" schemaName="msmedia_contact" displayName="Contact" parentSchemaName="msmedia_guest" parentDisplayName="Guest" solution="MediaCommon (1.0.3.0)" />
        <Dependent key="91" type="60" displayName="Guest Main Form" parentDisplayName="Guest" id="{165a28fe-e798-4086-ae69-3ef841d84590}" />
      </MissingDependency>
      <MissingDependency>
        <Required key="107" type="2" schemaName="msmedia_category" displayName="Category" parentSchemaName="msmedia_guest" parentDisplayName="Guest" solution="MediaCommon (1.0.3.0)" />
        <Dependent key="91" type="60" displayName="Guest Main Form" parentDisplayName="Guest" id="{165a28fe-e798-4086-ae69-3ef841d84590}" />
      </MissingDependency>
      <MissingDependency>
        <Required key="108" type="2" schemaName="msmedia_origin" displayName="Origin" parentSchemaName="msmedia_guest" parentDisplayName="Guest" solution="MediaCommon (1.0.3.0)" />
        <Dependent key="91" type="60" displayName="Guest Main Form" parentDisplayName="Guest" id="{165a28fe-e798-4086-ae69-3ef841d84590}" />
      </MissingDependency>
      <MissingDependency>
        <Required key="109" type="2" schemaName="msmedia_displayname" displayName="Display Name" parentSchemaName="msmedia_guest" parentDisplayName="Guest" solution="MediaCommon (1.0.3.0)" />
        <Dependent key="91" type="60" displayName="Guest Main Form" parentDisplayName="Guest" id="{165a28fe-e798-4086-ae69-3ef841d84590}" />
      </MissingDependency>
      <MissingDependency>
        <Required key="110" type="2" schemaName="msmedia_city" displayName="City" parentSchemaName="msmedia_guest" parentDisplayName="Guest" solution="MediaCommon (1.0.3.0)" />
        <Dependent key="91" type="60" displayName="Guest Main Form" parentDisplayName="Guest" id="{165a28fe-e798-4086-ae69-3ef841d84590}" />
      </MissingDependency>
      <MissingDependency>
        <Required key="111" type="2" schemaName="msmedia_country" displayName="Country" parentSchemaName="msmedia_guest" parentDisplayName="Guest" solution="MediaCommon (1.0.3.0)" />
        <Dependent key="91" type="60" displayName="Guest Main Form" parentDisplayName="Guest" id="{165a28fe-e798-4086-ae69-3ef841d84590}" />
      </MissingDependency>
      <MissingDependency>
        <Required key="112" type="2" schemaName="msmedia_name" displayName="Name" parentSchemaName="msmedia_guest" parentDisplayName="Guest" solution="MediaCommon (1.0.3.0)" />
        <Dependent key="91" type="60" displayName="Guest Main Form" parentDisplayName="Guest" id="{165a28fe-e798-4086-ae69-3ef841d84590}" />
      </MissingDependency>
      <MissingDependency>
        <Required key="113" type="2" schemaName="msmedia_specialrequirements" displayName="Special Requirements" parentSchemaName="msmedia_guest" parentDisplayName="Guest" solution="MediaCommon (1.0.3.0)" />
        <Dependent key="91" type="60" displayName="Guest Main Form" parentDisplayName="Guest" id="{165a28fe-e798-4086-ae69-3ef841d84590}" />
      </MissingDependency>
      <MissingDependency>
        <Required key="114" type="2" schemaName="ownerid" displayName="Owner" parentSchemaName="msmedia_guest" parentDisplayName="Guest" solution="Active" />
        <Dependent key="91" type="60" displayName="Guest Main Form" parentDisplayName="Guest" id="{165a28fe-e798-4086-ae69-3ef841d84590}" />
      </MissingDependency>
      <MissingDependency>
        <Required key="115" type="2" schemaName="msmedia_marketingoptin" displayName="Marketing Opt In" parentSchemaName="msmedia_guest" parentDisplayName="Guest" solution="MediaCommon (1.0.3.0)" />
        <Dependent key="91" type="60" displayName="Guest Main Form" parentDisplayName="Guest" id="{165a28fe-e798-4086-ae69-3ef841d84590}" />
      </MissingDependency>
      <MissingDependency>
        <Required key="116" type="2" schemaName="msmedia_oktocall" displayName="OK to Call" parentSchemaName="msmedia_guest" parentDisplayName="Guest" solution="MediaCommon (1.0.3.0)" />
        <Dependent key="91" type="60" displayName="Guest Main Form" parentDisplayName="Guest" id="{165a28fe-e798-4086-ae69-3ef841d84590}" />
      </MissingDependency>
      <MissingDependency>
        <Required key="117" type="2" schemaName="msmedia_oktofax" displayName="OK to Fax" parentSchemaName="msmedia_guest" parentDisplayName="Guest" solution="MediaCommon (1.0.3.0)" />
        <Dependent key="91" type="60" displayName="Guest Main Form" parentDisplayName="Guest" id="{165a28fe-e798-4086-ae69-3ef841d84590}" />
      </MissingDependency>
      <MissingDependency>
        <Required key="118" type="2" schemaName="msmedia_externalcreateddate" displayName="External Created Date" parentSchemaName="msmedia_guest" parentDisplayName="Guest" solution="MediaCommon (1.0.3.0)" />
        <Dependent key="91" type="60" displayName="Guest Main Form" parentDisplayName="Guest" id="{165a28fe-e798-4086-ae69-3ef841d84590}" />
      </MissingDependency>
      <MissingDependency>
        <Required key="119" type="2" schemaName="msmedia_guardian" displayName="Guardian" parentSchemaName="msmedia_guest" parentDisplayName="Guest" solution="MediaCommon (1.0.3.0)" />
        <Dependent key="91" type="60" displayName="Guest Main Form" parentDisplayName="Guest" id="{165a28fe-e798-4086-ae69-3ef841d84590}" />
      </MissingDependency>
      <MissingDependency>
        <Required key="120" type="10" schemaName="msmedia_Guest_Guardian_Contact" displayName="msmedia_Guest_Guardian_Contact" parentSchemaName="msmedia_guest" parentDisplayName="Guest" solution="MediaCommon (1.0.3.0)" />
        <Dependent key="91" type="60" displayName="Guest Main Form" parentDisplayName="Guest" id="{165a28fe-e798-4086-ae69-3ef841d84590}" />
      </MissingDependency>
      <MissingDependency>
        <Required key="121" type="10" schemaName="msmedia_Guest_Company_Account" displayName="msmedia_Guest_Company_Account" parentSchemaName="msmedia_guest" parentDisplayName="Guest" solution="MediaCommon (1.0.3.0)" />
        <Dependent key="91" type="60" displayName="Guest Main Form" parentDisplayName="Guest" id="{165a28fe-e798-4086-ae69-3ef841d84590}" />
      </MissingDependency>
      <MissingDependency>
        <Required key="122" type="10" schemaName="msmedia_Guest_Category_msmedia_GuestCateg" displayName="msmedia_Guest_Category_msmedia_GuestCateg" parentSchemaName="msmedia_guest" parentDisplayName="Guest" solution="MediaCommon (1.0.3.0)" />
        <Dependent key="91" type="60" displayName="Guest Main Form" parentDisplayName="Guest" id="{165a28fe-e798-4086-ae69-3ef841d84590}" />
      </MissingDependency>
      <MissingDependency>
        <Required key="123" type="10" schemaName="msmedia_Guest_LastRegisteredEvent_msmedia" displayName="msmedia_Guest_LastRegisteredEvent_msmedia" parentSchemaName="msmedia_guest" parentDisplayName="Guest" solution="MediaEventsVenues (1.0.3.1)" />
        <Dependent key="91" type="60" displayName="Guest Main Form" parentDisplayName="Guest" id="{165a28fe-e798-4086-ae69-3ef841d84590}" />
      </MissingDependency>
      <MissingDependency>
        <Required key="124" type="10" schemaName="msmedia_Guest_Contact_Contact" displayName="msmedia_Guest_Contact_Contact" parentSchemaName="msmedia_guest" parentDisplayName="Guest" solution="MediaCommon (1.0.3.0)" />
        <Dependent key="91" type="60" displayName="Guest Main Form" parentDisplayName="Guest" id="{165a28fe-e798-4086-ae69-3ef841d84590}" />
      </MissingDependency>
      <MissingDependency>
        <Required key="125" type="66" schemaName="MscrmControls.FieldControls.ToggleControl" displayName="MscrmControls.FieldControls.ToggleControl" solution="BaseCustomControlsCore (9.0.2006.2014)" />
        <Dependent key="91" type="60" displayName="Guest Main Form" parentDisplayName="Guest" id="{165a28fe-e798-4086-ae69-3ef841d84590}" />
      </MissingDependency>
      <MissingDependency>
        <Required key="126" type="66" schemaName="MscrmControls.FlipSwitch.FlipSwitchControl" displayName="MscrmControls.FlipSwitch.FlipSwitchControl" solution="CustomControlsCore (9.1.0000.19251)" />
        <Dependent key="91" type="60" displayName="Guest Main Form" parentDisplayName="Guest" id="{165a28fe-e798-4086-ae69-3ef841d84590}" />
      </MissingDependency>
      <MissingDependency>
        <Required key="80" type="26" schemaName="Active Media Events" displayName="Active Media Events" parentSchemaName="msmedia_mediaevent" parentDisplayName="Media Event" solution="MediaEventsVenues (1.0.3.1)" id="{b5f9695f-915f-4ab4-8871-f00602ebab4e}" />
        <Dependent key="127" type="60" displayName="Sports Player Main Form" parentDisplayName="Sports Player" id="{25d8aa6c-9ace-474a-b088-af403b5508ee}" />
      </MissingDependency>
      <MissingDependency>
        <Required key="128" type="66" schemaName="MscrmControls.Canvas.CanvasControl" displayName="MscrmControls.Canvas.CanvasControl" solution="BaseCustomControlsCore (9.0.2006.2014)" />
        <Dependent key="127" type="60" displayName="Sports Player Main Form" parentDisplayName="Sports Player" id="{25d8aa6c-9ace-474a-b088-af403b5508ee}" />
      </MissingDependency>
      <MissingDependency>
        <Required key="80" type="26" schemaName="Active Media Events" displayName="Active Media Events" parentSchemaName="msmedia_mediaevent" parentDisplayName="Media Event" solution="MediaEventsVenues (1.0.3.1)" id="{b5f9695f-915f-4ab4-8871-f00602ebab4e}" />
        <Dependent key="129" type="60" displayName="Sports Team Main Form" parentDisplayName="Sports Team" id="{75ac76ff-c66e-4b0c-986e-d2c3f4e9f0bf}" />
      </MissingDependency>
      <MissingDependency>
        <Required key="80" type="26" schemaName="Active Media Events" displayName="Active Media Events" parentSchemaName="msmedia_mediaevent" parentDisplayName="Media Event" solution="MediaEventsVenues (1.0.3.1)" id="{b5f9695f-915f-4ab4-8871-f00602ebab4e}" />
        <Dependent key="130" type="60" displayName="Sports Management Dashboard" id="{8624ed5a-c684-ea11-a812-000d3a579ca8}" />
      </MissingDependency>
      <MissingDependency>
        <Required key="131" type="26" schemaName="Active Media Events in the next 30 days" displayName="Active Media Events in the next 30 days" parentSchemaName="msmedia_mediaevent" parentDisplayName="Media Event" solution="MediaEventsVenues (1.0.3.1)" id="{489e32df-6e70-ea11-a811-000d3a1ab88b}" />
        <Dependent key="130" type="60" displayName="Sports Management Dashboard" id="{8624ed5a-c684-ea11-a812-000d3a579ca8}" />
      </MissingDependency>
      <MissingDependency>
        <Required key="132" type="59" schemaName="TOP ATTENDANCE BY EVENT" displayName="TOP ATTENDANCE BY EVENT" parentSchemaName="msmedia_mediaevent" parentDisplayName="Media Event" solution="MediaEventsVenues (1.0.3.1)" id="{37c2bb59-1d80-ea11-a812-000d3a1abe26}" />
        <Dependent key="130" type="60" displayName="Sports Management Dashboard" id="{8624ed5a-c684-ea11-a812-000d3a579ca8}" />
      </MissingDependency>
      <MissingDependency>
        <Required key="80" type="26" schemaName="Active Media Events" displayName="Active Media Events" parentSchemaName="msmedia_mediaevent" parentDisplayName="Media Event" solution="MediaEventsVenues (1.0.3.1)" id="{b5f9695f-915f-4ab4-8871-f00602ebab4e}" />
        <Dependent key="133" type="60" displayName="Sporting Conference Main Form" parentDisplayName="Sporting Conference" id="{d564f4b4-7de6-4622-8ddb-9401ab8e29c7}" />
      </MissingDependency>
      <MissingDependency>
        <Required key="128" type="66" schemaName="MscrmControls.Canvas.CanvasControl" displayName="MscrmControls.Canvas.CanvasControl" solution="BaseCustomControlsCore (9.0.2006.2014)" />
        <Dependent key="134" type="60" displayName="Playing Field Main Form" parentDisplayName="Playing Field" id="{0079b79c-421f-419c-98fa-34389e6b795a}" />
      </MissingDependency>
      <MissingDependency>
        <Required key="36" type="2" schemaName="msmedia_primaryvenue" displayName="Primary Venue" parentSchemaName="msmedia_mediaevent" parentDisplayName="Media Event" solution="MediaEventsVenues (1.0.3.1)" />
        <Dependent key="135" type="59" schemaName="Top Attendance by Venue" displayName="Top Attendance by Venue" parentSchemaName="msmedia_mediaevent" parentDisplayName="Media Event" id="{125d802e-8185-ea11-a812-000d3a579ca8}" />
      </MissingDependency>
      <MissingDependency>
        <Required key="42" type="2" schemaName="msmedia_numberattended" displayName="Number Attended" parentSchemaName="msmedia_mediaevent" parentDisplayName="Media Event" solution="MediaEventsVenues (1.0.3.1)" />
        <Dependent key="135" type="59" schemaName="Top Attendance by Venue" displayName="Top Attendance by Venue" parentSchemaName="msmedia_mediaevent" parentDisplayName="Media Event" id="{125d802e-8185-ea11-a812-000d3a579ca8}" />
      </MissingDependency>
      <MissingDependency>
        <Required key="58" type="2" schemaName="msmedia_revenuegenerated" displayName="Revenue Generated" parentSchemaName="msmedia_mediaevent" parentDisplayName="Media Event" solution="MediaEventsVenues (1.0.3.1)" />
        <Dependent key="136" type="59" schemaName="Home Team Revenue in the Next 30 Days" displayName="Home Team Revenue in the Next 30 Days" parentSchemaName="msmedia_mediaevent" parentDisplayName="Media Event" id="{ff37317e-a485-ea11-a812-000d3a579ca8}" />
      </MissingDependency>
      <MissingDependency>
        <Required key="42" type="2" schemaName="msmedia_numberattended" displayName="Number Attended" parentSchemaName="msmedia_mediaevent" parentDisplayName="Media Event" solution="MediaEventsVenues (1.0.3.1)" />
        <Dependent key="137" type="59" schemaName="Total Game Attendance" displayName="Total Game Attendance" parentSchemaName="msmedia_mediaevent" parentDisplayName="Media Event" id="{d988ec0d-7e85-ea11-a812-000d3a579ca8}" />
      </MissingDependency>
      <MissingDependency>
        <Required key="42" type="2" schemaName="msmedia_numberattended" displayName="Number Attended" parentSchemaName="msmedia_mediaevent" parentDisplayName="Media Event" solution="MediaEventsVenues (1.0.3.1)" />
        <Dependent key="138" type="59" schemaName="Top Attendance by League" displayName="Top Attendance by League" parentSchemaName="msmedia_mediaevent" parentDisplayName="Media Event" id="{212e31db-b885-ea11-a812-000d3a4e3831}" />
      </MissingDependency>
      <MissingDependency>
        <Required key="58" type="2" schemaName="msmedia_revenuegenerated" displayName="Revenue Generated" parentSchemaName="msmedia_mediaevent" parentDisplayName="Media Event" solution="MediaEventsVenues (1.0.3.1)" />
        <Dependent key="139" type="59" schemaName="Total Home Team Revenue" displayName="Total Home Team Revenue" parentSchemaName="msmedia_mediaevent" parentDisplayName="Media Event" id="{9fb59580-7e85-ea11-a812-000d3a579ca8}" />
      </MissingDependency>
      <MissingDependency>
        <Required key="42" type="2" schemaName="msmedia_numberattended" displayName="Number Attended" parentSchemaName="msmedia_mediaevent" parentDisplayName="Media Event" solution="MediaEventsVenues (1.0.3.1)" />
        <Dependent key="140" type="59" schemaName="Attendance by Venue in the Next 30 Days" displayName="Attendance by Venue in the Next 30 Days" parentSchemaName="msmedia_mediaevent" parentDisplayName="Media Event" id="{76b52bbb-a485-ea11-a812-000d3a579ca8}" />
      </MissingDependency>
      <MissingDependency>
        <Required key="36" type="2" schemaName="msmedia_primaryvenue" displayName="Primary Venue" parentSchemaName="msmedia_mediaevent" parentDisplayName="Media Event" solution="MediaEventsVenues (1.0.3.1)" />
        <Dependent key="140" type="59" schemaName="Attendance by Venue in the Next 30 Days" displayName="Attendance by Venue in the Next 30 Days" parentSchemaName="msmedia_mediaevent" parentDisplayName="Media Event" id="{76b52bbb-a485-ea11-a812-000d3a579ca8}" />
      </MissingDependency>
      <MissingDependency>
        <Required key="52" type="2" schemaName="msmedia_season" displayName="Season" parentSchemaName="msmedia_mediaevent" parentDisplayName="Media Event" solution="MediaEventsVenues (1.0.3.1)" />
        <Dependent key="141" type="26" schemaName="Sports Active Media Events" displayName="Sports Active Media Events" parentSchemaName="msmedia_mediaevent" parentDisplayName="Media Event" id="{e2b0c214-7978-ea11-a811-000d3a1abe26}" />
      </MissingDependency>
      <MissingDependency>
        <Required key="16" type="2" schemaName="msmedia_mediaeventid" displayName="Media Event" parentSchemaName="msmedia_mediaevent" parentDisplayName="Media Event" solution="MediaEventsVenues (1.0.3.1)" />
        <Dependent key="141" type="26" schemaName="Sports Active Media Events" displayName="Sports Active Media Events" parentSchemaName="msmedia_mediaevent" parentDisplayName="Media Event" id="{e2b0c214-7978-ea11-a811-000d3a1abe26}" />
      </MissingDependency>
      <MissingDependency>
        <Required key="142" type="2" schemaName="statecode" displayName="Status" parentSchemaName="msmedia_mediaevent" parentDisplayName="Media Event" solution="MediaEventsVenues (1.0.3.1)" />
        <Dependent key="141" type="26" schemaName="Sports Active Media Events" displayName="Sports Active Media Events" parentSchemaName="msmedia_mediaevent" parentDisplayName="Media Event" id="{e2b0c214-7978-ea11-a811-000d3a1abe26}" />
      </MissingDependency>
      <MissingDependency>
        <Required key="15" type="2" schemaName="msmedia_name" displayName="Name" parentSchemaName="msmedia_mediaevent" parentDisplayName="Media Event" solution="MediaEventsVenues (1.0.3.1)" />
        <Dependent key="141" type="26" schemaName="Sports Active Media Events" displayName="Sports Active Media Events" parentSchemaName="msmedia_mediaevent" parentDisplayName="Media Event" id="{e2b0c214-7978-ea11-a811-000d3a1abe26}" />
      </MissingDependency>
      <MissingDependency>
        <Required key="57" type="2" schemaName="msmedia_eventtype" displayName="Event Type" parentSchemaName="msmedia_mediaevent" parentDisplayName="Media Event" solution="MediaEventsVenues (1.0.3.1)" />
        <Dependent key="141" type="26" schemaName="Sports Active Media Events" displayName="Sports Active Media Events" parentSchemaName="msmedia_mediaevent" parentDisplayName="Media Event" id="{e2b0c214-7978-ea11-a811-000d3a1abe26}" />
      </MissingDependency>
      <MissingDependency>
        <Required key="46" type="2" schemaName="msmedia_startdate" displayName="Start Date" parentSchemaName="msmedia_mediaevent" parentDisplayName="Media Event" solution="MediaEventsVenues (1.0.3.1)" />
        <Dependent key="141" type="26" schemaName="Sports Active Media Events" displayName="Sports Active Media Events" parentSchemaName="msmedia_mediaevent" parentDisplayName="Media Event" id="{e2b0c214-7978-ea11-a811-000d3a1abe26}" />
      </MissingDependency>
      <MissingDependency>
        <Required key="11" type="9" schemaName="msmedia_gender" displayName="Gender" solution="MediaCommon (1.0.3.0)" />
        <Dependent key="11" type="9" schemaName="msmedia_gender" displayName="Gender" />
      </MissingDependency>
    </MissingDependencies>
  </SolutionManifest>
</ImportExportXml>