<ImportExportXml version="9.1.0.19251" SolutionPackageVersion="9.1" languagecode="1033" generatedBy="CrmLive" xmlns:xsi="http://www.w3.org/2001/XMLSchema-instance">
  <SolutionManifest>
    <UniqueName>MediaRegistrationPortal</UniqueName>
    <LocalizedNames>
      <LocalizedName description="Media Registration Portal" languagecode="1033" />
    </LocalizedNames>
    <Descriptions />
    <Version>1.0.3.0</Version>
    <Managed>1</Managed>
    <Publisher>
      <UniqueName>microsoftdynamics365media</UniqueName>
      <LocalizedNames>
        <LocalizedName description="Microsoft Dynamics 365 Media" languagecode="1033" />
      </LocalizedNames>
      <Descriptions />
      <EMailAddress xsi:nil="true"></EMailAddress>
      <SupportingWebsiteUrl xsi:nil="true"></SupportingWebsiteUrl>
      <CustomizationPrefix>msmedia</CustomizationPrefix>
      <CustomizationOptionValuePrefix>76686</CustomizationOptionValuePrefix>
      <Addresses>
        <Address>
          <AddressNumber>1</AddressNumber>
          <AddressTypeCode>1</AddressTypeCode>
          <City xsi:nil="true"></City>
          <County xsi:nil="true"></County>
          <Country xsi:nil="true"></Country>
          <Fax xsi:nil="true"></Fax>
          <FreightTermsCode xsi:nil="true"></FreightTermsCode>
          <ImportSequenceNumber xsi:nil="true"></ImportSequenceNumber>
          <Latitude xsi:nil="true"></Latitude>
          <Line1 xsi:nil="true"></Line1>
          <Line2 xsi:nil="true"></Line2>
          <Line3 xsi:nil="true"></Line3>
          <Longitude xsi:nil="true"></Longitude>
          <Name xsi:nil="true"></Name>
          <PostalCode xsi:nil="true"></PostalCode>
          <PostOfficeBox xsi:nil="true"></PostOfficeBox>
          <PrimaryContactName xsi:nil="true"></PrimaryContactName>
          <ShippingMethodCode>1</ShippingMethodCode>
          <StateOrProvince xsi:nil="true"></StateOrProvince>
          <Telephone1 xsi:nil="true"></Telephone1>
          <Telephone2 xsi:nil="true"></Telephone2>
          <Telephone3 xsi:nil="true"></Telephone3>
          <TimeZoneRuleVersionNumber xsi:nil="true"></TimeZoneRuleVersionNumber>
          <UPSZone xsi:nil="true"></UPSZone>
          <UTCOffset xsi:nil="true"></UTCOffset>
          <UTCConversionTimeZoneCode xsi:nil="true"></UTCConversionTimeZoneCode>
        </Address>
        <Address>
          <AddressNumber>2</AddressNumber>
          <AddressTypeCode>1</AddressTypeCode>
          <City xsi:nil="true"></City>
          <County xsi:nil="true"></County>
          <Country xsi:nil="true"></Country>
          <Fax xsi:nil="true"></Fax>
          <FreightTermsCode xsi:nil="true"></FreightTermsCode>
          <ImportSequenceNumber xsi:nil="true"></ImportSequenceNumber>
          <Latitude xsi:nil="true"></Latitude>
          <Line1 xsi:nil="true"></Line1>
          <Line2 xsi:nil="true"></Line2>
          <Line3 xsi:nil="true"></Line3>
          <Longitude xsi:nil="true"></Longitude>
          <Name xsi:nil="true"></Name>
          <PostalCode xsi:nil="true"></PostalCode>
          <PostOfficeBox xsi:nil="true"></PostOfficeBox>
          <PrimaryContactName xsi:nil="true"></PrimaryContactName>
          <ShippingMethodCode>1</ShippingMethodCode>
          <StateOrProvince xsi:nil="true"></StateOrProvince>
          <Telephone1 xsi:nil="true"></Telephone1>
          <Telephone2 xsi:nil="true"></Telephone2>
          <Telephone3 xsi:nil="true"></Telephone3>
          <TimeZoneRuleVersionNumber xsi:nil="true"></TimeZoneRuleVersionNumber>
          <UPSZone xsi:nil="true"></UPSZone>
          <UTCOffset xsi:nil="true"></UTCOffset>
          <UTCConversionTimeZoneCode xsi:nil="true"></UTCConversionTimeZoneCode>
        </Address>
      </Addresses>
    </Publisher>
    <RootComponents>
      <RootComponent type="1" schemaName="msmedia_guest" behavior="1" />
      <RootComponent type="1" schemaName="msmedia_mediaevent" behavior="1" />
      <RootComponent type="1" schemaName="msmedia_mediavenue" behavior="1" />
      <RootComponent type="29" id="{09393fc0-a3c2-ea11-a812-000d3a33fb78}" behavior="0" />
      <RootComponent type="29" id="{3c11299f-7cc2-ea11-a812-000d3a33f58e}" behavior="0" />
      <RootComponent type="29" id="{823839df-b5c2-ea11-a812-000d3a33f58e}" behavior="0" />
      <RootComponent type="29" id="{940a2ef8-bbc2-ea11-a812-000d3a33f58e}" behavior="0" />
    </RootComponents>
    <MissingDependencies>
      <MissingDependency>
        <Required key="0" type="1" schemaName="msmedia_mediavenue" displayName="Media Venue" solution="MediaEventsVenues (1.0.3.0)" />
        <Dependent key="0" type="1" schemaName="msmedia_mediavenue" displayName="Media Venue" />
      </MissingDependency>
      <MissingDependency>
        <Required key="1" type="1" schemaName="msmedia_guest" displayName="Guest" solution="MediaCommon (1.0.3.0)" />
        <Dependent key="1" type="1" schemaName="msmedia_guest" displayName="Guest" />
      </MissingDependency>
      <MissingDependency>
        <Required key="2" type="1" schemaName="msmedia_mediaevent" displayName="Media Event" solution="MediaEventsVenues (1.0.3.0)" />
        <Dependent key="2" type="1" schemaName="msmedia_mediaevent" displayName="Media Event" />
      </MissingDependency>
      <MissingDependency>
        <Required key="2" type="1" schemaName="msmedia_mediaevent" displayName="Media Event" solution="MediaEventsVenues (1.0.3.0)" />
        <Dependent key="3" type="26" schemaName="All Active Media Events" displayName="All Active Media Events" parentSchemaName="msmedia_mediaevent" parentDisplayName="Media Event" id="{33fd0687-05ab-ea11-a812-000d3a33fb78}" />
      </MissingDependency>
      <MissingDependency>
        <Required key="4" type="2" schemaName="msmedia_soldouton" displayName="Sold Out On" parentSchemaName="msmedia_mediaevent" parentDisplayName="Media Event" solution="MediaEventsVenues (1.0.3.0)" />
        <Dependent key="3" type="26" schemaName="All Active Media Events" displayName="All Active Media Events" parentSchemaName="msmedia_mediaevent" parentDisplayName="Media Event" id="{33fd0687-05ab-ea11-a812-000d3a33fb78}" />
      </MissingDependency>
      <MissingDependency>
        <Required key="5" type="2" schemaName="msmedia_eventtype" displayName="Event Type" parentSchemaName="msmedia_mediaevent" parentDisplayName="Media Event" solution="MediaEventsVenues (1.0.3.0)" />
        <Dependent key="3" type="26" schemaName="All Active Media Events" displayName="All Active Media Events" parentSchemaName="msmedia_mediaevent" parentDisplayName="Media Event" id="{33fd0687-05ab-ea11-a812-000d3a33fb78}" />
      </MissingDependency>
      <MissingDependency>
        <Required key="6" type="2" schemaName="msmedia_theme" displayName="Theme" parentSchemaName="msmedia_mediaevent" parentDisplayName="Media Event" solution="MediaEventsVenues (1.0.3.0)" />
        <Dependent key="3" type="26" schemaName="All Active Media Events" displayName="All Active Media Events" parentSchemaName="msmedia_mediaevent" parentDisplayName="Media Event" id="{33fd0687-05ab-ea11-a812-000d3a33fb78}" />
      </MissingDependency>
      <MissingDependency>
        <Required key="7" type="2" schemaName="msmedia_dresscode" displayName="Dress Code" parentSchemaName="msmedia_mediaevent" parentDisplayName="Media Event" solution="MediaEventsVenues (1.0.3.0)" />
        <Dependent key="3" type="26" schemaName="All Active Media Events" displayName="All Active Media Events" parentSchemaName="msmedia_mediaevent" parentDisplayName="Media Event" id="{33fd0687-05ab-ea11-a812-000d3a33fb78}" />
      </MissingDependency>
      <MissingDependency>
        <Required key="8" type="2" schemaName="msmedia_registrationportalfontcolor" displayName="Registration Font Color (HTML)" parentSchemaName="msmedia_mediaevent" parentDisplayName="Media Event" solution="MediaEventsVenues (1.0.3.0)" />
        <Dependent key="3" type="26" schemaName="All Active Media Events" displayName="All Active Media Events" parentSchemaName="msmedia_mediaevent" parentDisplayName="Media Event" id="{33fd0687-05ab-ea11-a812-000d3a33fb78}" />
      </MissingDependency>
      <MissingDependency>
        <Required key="9" type="2" schemaName="msmedia_registrationportalbackgroundcolor" displayName="Registration Background Color (HTML)" parentSchemaName="msmedia_mediaevent" parentDisplayName="Media Event" solution="MediaEventsVenues (1.0.3.0)" />
        <Dependent key="3" type="26" schemaName="All Active Media Events" displayName="All Active Media Events" parentSchemaName="msmedia_mediaevent" parentDisplayName="Media Event" id="{33fd0687-05ab-ea11-a812-000d3a33fb78}" />
      </MissingDependency>
      <MissingDependency>
        <Required key="10" type="2" schemaName="msmedia_registrationurl" displayName="Registration URL" parentSchemaName="msmedia_mediaevent" parentDisplayName="Media Event" solution="MediaEventsVenues (1.0.3.0)" />
        <Dependent key="3" type="26" schemaName="All Active Media Events" displayName="All Active Media Events" parentSchemaName="msmedia_mediaevent" parentDisplayName="Media Event" id="{33fd0687-05ab-ea11-a812-000d3a33fb78}" />
      </MissingDependency>
      <MissingDependency>
        <Required key="11" type="2" schemaName="msmedia_eventsubtitle" displayName="Event Subtitle" parentSchemaName="msmedia_mediaevent" parentDisplayName="Media Event" solution="MediaEventsVenues (1.0.3.0)" />
        <Dependent key="3" type="26" schemaName="All Active Media Events" displayName="All Active Media Events" parentSchemaName="msmedia_mediaevent" parentDisplayName="Media Event" id="{33fd0687-05ab-ea11-a812-000d3a33fb78}" />
      </MissingDependency>
      <MissingDependency>
        <Required key="12" type="2" schemaName="msmedia_registrationisrequired" displayName="Registration Is Required" parentSchemaName="msmedia_mediaevent" parentDisplayName="Media Event" solution="MediaEventsVenues (1.0.3.0)" />
        <Dependent key="3" type="26" schemaName="All Active Media Events" displayName="All Active Media Events" parentSchemaName="msmedia_mediaevent" parentDisplayName="Media Event" id="{33fd0687-05ab-ea11-a812-000d3a33fb78}" />
      </MissingDependency>
      <MissingDependency>
        <Required key="13" type="2" schemaName="msmedia_enddate" displayName="End Date" parentSchemaName="msmedia_mediaevent" parentDisplayName="Media Event" solution="MediaEventsVenues (1.0.3.0)" />
        <Dependent key="3" type="26" schemaName="All Active Media Events" displayName="All Active Media Events" parentSchemaName="msmedia_mediaevent" parentDisplayName="Media Event" id="{33fd0687-05ab-ea11-a812-000d3a33fb78}" />
      </MissingDependency>
      <MissingDependency>
        <Required key="14" type="2" schemaName="msmedia_durationunit" displayName="Duration Unit" parentSchemaName="msmedia_mediaevent" parentDisplayName="Media Event" solution="MediaEventsVenues (1.0.3.0)" />
        <Dependent key="3" type="26" schemaName="All Active Media Events" displayName="All Active Media Events" parentSchemaName="msmedia_mediaevent" parentDisplayName="Media Event" id="{33fd0687-05ab-ea11-a812-000d3a33fb78}" />
      </MissingDependency>
      <MissingDependency>
        <Required key="15" type="2" schemaName="msmedia_publishedtoportal" displayName="Published to Portal" parentSchemaName="msmedia_mediaevent" parentDisplayName="Media Event" solution="MediaEventsVenues (1.0.3.0)" />
        <Dependent key="3" type="26" schemaName="All Active Media Events" displayName="All Active Media Events" parentSchemaName="msmedia_mediaevent" parentDisplayName="Media Event" id="{33fd0687-05ab-ea11-a812-000d3a33fb78}" />
      </MissingDependency>
      <MissingDependency>
        <Required key="16" type="2" schemaName="msmedia_registrationopenson" displayName="Registration Opens On" parentSchemaName="msmedia_mediaevent" parentDisplayName="Media Event" solution="MediaEventsVenues (1.0.3.0)" />
        <Dependent key="3" type="26" schemaName="All Active Media Events" displayName="All Active Media Events" parentSchemaName="msmedia_mediaevent" parentDisplayName="Media Event" id="{33fd0687-05ab-ea11-a812-000d3a33fb78}" />
      </MissingDependency>
      <MissingDependency>
        <Required key="17" type="2" schemaName="msmedia_eventnumber" displayName="Event Number" parentSchemaName="msmedia_mediaevent" parentDisplayName="Media Event" solution="MediaEventsVenues (1.0.3.0)" />
        <Dependent key="3" type="26" schemaName="All Active Media Events" displayName="All Active Media Events" parentSchemaName="msmedia_mediaevent" parentDisplayName="Media Event" id="{33fd0687-05ab-ea11-a812-000d3a33fb78}" />
      </MissingDependency>
      <MissingDependency>
        <Required key="18" type="2" schemaName="msmedia_startdate" displayName="Start Date" parentSchemaName="msmedia_mediaevent" parentDisplayName="Media Event" solution="MediaEventsVenues (1.0.3.0)" />
        <Dependent key="3" type="26" schemaName="All Active Media Events" displayName="All Active Media Events" parentSchemaName="msmedia_mediaevent" parentDisplayName="Media Event" id="{33fd0687-05ab-ea11-a812-000d3a33fb78}" />
      </MissingDependency>
      <MissingDependency>
        <Required key="19" type="2" schemaName="msmedia_mediaeventid" displayName="Media Event" parentSchemaName="msmedia_mediaevent" parentDisplayName="Media Event" solution="MediaEventsVenues (1.0.3.0)" />
        <Dependent key="3" type="26" schemaName="All Active Media Events" displayName="All Active Media Events" parentSchemaName="msmedia_mediaevent" parentDisplayName="Media Event" id="{33fd0687-05ab-ea11-a812-000d3a33fb78}" />
      </MissingDependency>
      <MissingDependency>
        <Required key="20" type="2" schemaName="msmedia_duration" displayName="Duration" parentSchemaName="msmedia_mediaevent" parentDisplayName="Media Event" solution="MediaEventsVenues (1.0.3.0)" />
        <Dependent key="3" type="26" schemaName="All Active Media Events" displayName="All Active Media Events" parentSchemaName="msmedia_mediaevent" parentDisplayName="Media Event" id="{33fd0687-05ab-ea11-a812-000d3a33fb78}" />
      </MissingDependency>
      <MissingDependency>
        <Required key="21" type="2" schemaName="msmedia_eventtopic" displayName="Event Topic" parentSchemaName="msmedia_mediaevent" parentDisplayName="Media Event" solution="MediaEventsVenues (1.0.3.0)" />
        <Dependent key="3" type="26" schemaName="All Active Media Events" displayName="All Active Media Events" parentSchemaName="msmedia_mediaevent" parentDisplayName="Media Event" id="{33fd0687-05ab-ea11-a812-000d3a33fb78}" />
      </MissingDependency>
      <MissingDependency>
        <Required key="22" type="2" schemaName="msmedia_name" displayName="Name" parentSchemaName="msmedia_mediaevent" parentDisplayName="Media Event" solution="MediaEventsVenues (1.0.3.0)" />
        <Dependent key="3" type="26" schemaName="All Active Media Events" displayName="All Active Media Events" parentSchemaName="msmedia_mediaevent" parentDisplayName="Media Event" id="{33fd0687-05ab-ea11-a812-000d3a33fb78}" />
      </MissingDependency>
      <MissingDependency>
        <Required key="23" type="2" schemaName="msmedia_registrationcloseson" displayName="Registration Closes On" parentSchemaName="msmedia_mediaevent" parentDisplayName="Media Event" solution="MediaEventsVenues (1.0.3.0)" />
        <Dependent key="3" type="26" schemaName="All Active Media Events" displayName="All Active Media Events" parentSchemaName="msmedia_mediaevent" parentDisplayName="Media Event" id="{33fd0687-05ab-ea11-a812-000d3a33fb78}" />
      </MissingDependency>
      <MissingDependency>
        <Required key="24" type="2" schemaName="msmedia_eventurl" displayName="Event URL" parentSchemaName="msmedia_mediaevent" parentDisplayName="Media Event" solution="MediaEventsVenues (1.0.3.0)" />
        <Dependent key="3" type="26" schemaName="All Active Media Events" displayName="All Active Media Events" parentSchemaName="msmedia_mediaevent" parentDisplayName="Media Event" id="{33fd0687-05ab-ea11-a812-000d3a33fb78}" />
      </MissingDependency>
      <MissingDependency>
        <Required key="25" type="2" schemaName="msmedia_primaryvenue" displayName="Primary Venue" parentSchemaName="msmedia_mediaevent" parentDisplayName="Media Event" solution="MediaEventsVenues (1.0.3.0)" />
        <Dependent key="3" type="26" schemaName="All Active Media Events" displayName="All Active Media Events" parentSchemaName="msmedia_mediaevent" parentDisplayName="Media Event" id="{33fd0687-05ab-ea11-a812-000d3a33fb78}" />
      </MissingDependency>
      <MissingDependency>
        <Required key="26" type="2" schemaName="msmedia_description" displayName="Description" parentSchemaName="msmedia_mediaevent" parentDisplayName="Media Event" solution="MediaEventsVenues (1.0.3.0)" />
        <Dependent key="3" type="26" schemaName="All Active Media Events" displayName="All Active Media Events" parentSchemaName="msmedia_mediaevent" parentDisplayName="Media Event" id="{33fd0687-05ab-ea11-a812-000d3a33fb78}" />
      </MissingDependency>
      <MissingDependency>
        <Required key="27" type="2" schemaName="msmedia_issoldout" displayName="Is Sold Out" parentSchemaName="msmedia_mediaevent" parentDisplayName="Media Event" solution="MediaEventsVenues (1.0.3.0)" />
        <Dependent key="3" type="26" schemaName="All Active Media Events" displayName="All Active Media Events" parentSchemaName="msmedia_mediaevent" parentDisplayName="Media Event" id="{33fd0687-05ab-ea11-a812-000d3a33fb78}" />
      </MissingDependency>
      <MissingDependency>
        <Required key="0" type="1" schemaName="msmedia_mediavenue" displayName="Media Venue" solution="MediaEventsVenues (1.0.3.0)" />
        <Dependent key="28" type="26" schemaName="Portal Media Venues" displayName="Portal Media Venues" parentSchemaName="msmedia_mediavenue" parentDisplayName="Media Venue" id="{bef9ec1d-04c6-ea11-a812-000d3a33fb78}" />
      </MissingDependency>
      <MissingDependency>
        <Required key="29" type="2" schemaName="msmedia_addresscity" displayName="Address City" parentSchemaName="msmedia_mediavenue" parentDisplayName="Media Venue" solution="MediaEventsVenues (1.0.3.0)" />
        <Dependent key="28" type="26" schemaName="Portal Media Venues" displayName="Portal Media Venues" parentSchemaName="msmedia_mediavenue" parentDisplayName="Media Venue" id="{bef9ec1d-04c6-ea11-a812-000d3a33fb78}" />
      </MissingDependency>
      <MissingDependency>
        <Required key="30" type="2" schemaName="msmedia_wifissid" displayName="Wifi SSID" parentSchemaName="msmedia_mediavenue" parentDisplayName="Media Venue" solution="MediaEventsVenues (1.0.3.0)" />
        <Dependent key="28" type="26" schemaName="Portal Media Venues" displayName="Portal Media Venues" parentSchemaName="msmedia_mediavenue" parentDisplayName="Media Venue" id="{bef9ec1d-04c6-ea11-a812-000d3a33fb78}" />
      </MissingDependency>
      <MissingDependency>
        <Required key="31" type="2" schemaName="msmedia_addressline3" displayName="Address Line 3" parentSchemaName="msmedia_mediavenue" parentDisplayName="Media Venue" solution="MediaEventsVenues (1.0.3.0)" />
        <Dependent key="28" type="26" schemaName="Portal Media Venues" displayName="Portal Media Venues" parentSchemaName="msmedia_mediavenue" parentDisplayName="Media Venue" id="{bef9ec1d-04c6-ea11-a812-000d3a33fb78}" />
      </MissingDependency>
      <MissingDependency>
        <Required key="32" type="2" schemaName="msmedia_parentvenue" displayName="Parent Venue" parentSchemaName="msmedia_mediavenue" parentDisplayName="Media Venue" solution="MediaEventsVenues (1.0.3.0)" />
        <Dependent key="28" type="26" schemaName="Portal Media Venues" displayName="Portal Media Venues" parentSchemaName="msmedia_mediavenue" parentDisplayName="Media Venue" id="{bef9ec1d-04c6-ea11-a812-000d3a33fb78}" />
      </MissingDependency>
      <MissingDependency>
        <Required key="33" type="2" schemaName="msmedia_latitude" displayName="Latitude" parentSchemaName="msmedia_mediavenue" parentDisplayName="Media Venue" solution="MediaEventsVenues (1.0.3.0)" />
        <Dependent key="28" type="26" schemaName="Portal Media Venues" displayName="Portal Media Venues" parentSchemaName="msmedia_mediavenue" parentDisplayName="Media Venue" id="{bef9ec1d-04c6-ea11-a812-000d3a33fb78}" />
      </MissingDependency>
      <MissingDependency>
        <Required key="34" type="2" schemaName="msmedia_addresspostalcode" displayName="Address Postal Code" parentSchemaName="msmedia_mediavenue" parentDisplayName="Media Venue" solution="MediaEventsVenues (1.0.3.0)" />
        <Dependent key="28" type="26" schemaName="Portal Media Venues" displayName="Portal Media Venues" parentSchemaName="msmedia_mediavenue" parentDisplayName="Media Venue" id="{bef9ec1d-04c6-ea11-a812-000d3a33fb78}" />
      </MissingDependency>
      <MissingDependency>
        <Required key="35" type="2" schemaName="msmedia_addressline2" displayName="Address Line 2" parentSchemaName="msmedia_mediavenue" parentDisplayName="Media Venue" solution="MediaEventsVenues (1.0.3.0)" />
        <Dependent key="28" type="26" schemaName="Portal Media Venues" displayName="Portal Media Venues" parentSchemaName="msmedia_mediavenue" parentDisplayName="Media Venue" id="{bef9ec1d-04c6-ea11-a812-000d3a33fb78}" />
      </MissingDependency>
      <MissingDependency>
        <Required key="36" type="2" schemaName="msmedia_wifipublicpassword" displayName="Wifi Public Password" parentSchemaName="msmedia_mediavenue" parentDisplayName="Media Venue" solution="MediaEventsVenues (1.0.3.0)" />
        <Dependent key="28" type="26" schemaName="Portal Media Venues" displayName="Portal Media Venues" parentSchemaName="msmedia_mediavenue" parentDisplayName="Media Venue" id="{bef9ec1d-04c6-ea11-a812-000d3a33fb78}" />
      </MissingDependency>
      <MissingDependency>
        <Required key="37" type="2" schemaName="msmedia_venuetype" displayName="Venue Type" parentSchemaName="msmedia_mediavenue" parentDisplayName="Media Venue" solution="MediaEventsVenues (1.0.3.0)" />
        <Dependent key="28" type="26" schemaName="Portal Media Venues" displayName="Portal Media Venues" parentSchemaName="msmedia_mediavenue" parentDisplayName="Media Venue" id="{bef9ec1d-04c6-ea11-a812-000d3a33fb78}" />
      </MissingDependency>
      <MissingDependency>
        <Required key="38" type="2" schemaName="msmedia_handicappedaccessible" displayName="Handicapped Accessible" parentSchemaName="msmedia_mediavenue" parentDisplayName="Media Venue" solution="MediaEventsVenues (1.0.3.0)" />
        <Dependent key="28" type="26" schemaName="Portal Media Venues" displayName="Portal Media Venues" parentSchemaName="msmedia_mediavenue" parentDisplayName="Media Venue" id="{bef9ec1d-04c6-ea11-a812-000d3a33fb78}" />
      </MissingDependency>
      <MissingDependency>
        <Required key="39" type="2" schemaName="msmedia_wifiavailable" displayName="Wifi Available" parentSchemaName="msmedia_mediavenue" parentDisplayName="Media Venue" solution="MediaEventsVenues (1.0.3.0)" />
        <Dependent key="28" type="26" schemaName="Portal Media Venues" displayName="Portal Media Venues" parentSchemaName="msmedia_mediavenue" parentDisplayName="Media Venue" id="{bef9ec1d-04c6-ea11-a812-000d3a33fb78}" />
      </MissingDependency>
      <MissingDependency>
        <Required key="40" type="2" schemaName="msmedia_capacity" displayName="Capacity" parentSchemaName="msmedia_mediavenue" parentDisplayName="Media Venue" solution="MediaEventsVenues (1.0.3.0)" />
        <Dependent key="28" type="26" schemaName="Portal Media Venues" displayName="Portal Media Venues" parentSchemaName="msmedia_mediavenue" parentDisplayName="Media Venue" id="{bef9ec1d-04c6-ea11-a812-000d3a33fb78}" />
      </MissingDependency>
      <MissingDependency>
        <Required key="41" type="2" schemaName="msmedia_longitude" displayName="Longitude" parentSchemaName="msmedia_mediavenue" parentDisplayName="Media Venue" solution="MediaEventsVenues (1.0.3.0)" />
        <Dependent key="28" type="26" schemaName="Portal Media Venues" displayName="Portal Media Venues" parentSchemaName="msmedia_mediavenue" parentDisplayName="Media Venue" id="{bef9ec1d-04c6-ea11-a812-000d3a33fb78}" />
      </MissingDependency>
      <MissingDependency>
        <Required key="42" type="2" schemaName="statecode" displayName="Status" parentSchemaName="msmedia_mediavenue" parentDisplayName="Media Venue" solution="MediaEventsVenues (1.0.3.0)" />
        <Dependent key="28" type="26" schemaName="Portal Media Venues" displayName="Portal Media Venues" parentSchemaName="msmedia_mediavenue" parentDisplayName="Media Venue" id="{bef9ec1d-04c6-ea11-a812-000d3a33fb78}" />
      </MissingDependency>
      <MissingDependency>
        <Required key="43" type="2" schemaName="msmedia_squarefootage" displayName="Square Footage" parentSchemaName="msmedia_mediavenue" parentDisplayName="Media Venue" solution="MediaEventsVenues (1.0.3.0)" />
        <Dependent key="28" type="26" schemaName="Portal Media Venues" displayName="Portal Media Venues" parentSchemaName="msmedia_mediavenue" parentDisplayName="Media Venue" id="{bef9ec1d-04c6-ea11-a812-000d3a33fb78}" />
      </MissingDependency>
      <MissingDependency>
        <Required key="44" type="2" schemaName="msmedia_addressstateorprovince" displayName="Address State or Province" parentSchemaName="msmedia_mediavenue" parentDisplayName="Media Venue" solution="MediaEventsVenues (1.0.3.0)" />
        <Dependent key="28" type="26" schemaName="Portal Media Venues" displayName="Portal Media Venues" parentSchemaName="msmedia_mediavenue" parentDisplayName="Media Venue" id="{bef9ec1d-04c6-ea11-a812-000d3a33fb78}" />
      </MissingDependency>
      <MissingDependency>
        <Required key="45" type="2" schemaName="msmedia_addressline1" displayName="Address Line 1" parentSchemaName="msmedia_mediavenue" parentDisplayName="Media Venue" solution="MediaEventsVenues (1.0.3.0)" />
        <Dependent key="28" type="26" schemaName="Portal Media Venues" displayName="Portal Media Venues" parentSchemaName="msmedia_mediavenue" parentDisplayName="Media Venue" id="{bef9ec1d-04c6-ea11-a812-000d3a33fb78}" />
      </MissingDependency>
      <MissingDependency>
        <Required key="46" type="2" schemaName="msmedia_mediavenueid" displayName="Media Venue" parentSchemaName="msmedia_mediavenue" parentDisplayName="Media Venue" solution="MediaEventsVenues (1.0.3.0)" />
        <Dependent key="28" type="26" schemaName="Portal Media Venues" displayName="Portal Media Venues" parentSchemaName="msmedia_mediavenue" parentDisplayName="Media Venue" id="{bef9ec1d-04c6-ea11-a812-000d3a33fb78}" />
      </MissingDependency>
      <MissingDependency>
        <Required key="47" type="2" schemaName="msmedia_name" displayName="Name" parentSchemaName="msmedia_mediavenue" parentDisplayName="Media Venue" solution="MediaEventsVenues (1.0.3.0)" />
        <Dependent key="28" type="26" schemaName="Portal Media Venues" displayName="Portal Media Venues" parentSchemaName="msmedia_mediavenue" parentDisplayName="Media Venue" id="{bef9ec1d-04c6-ea11-a812-000d3a33fb78}" />
      </MissingDependency>
      <MissingDependency>
        <Required key="48" type="2" schemaName="msmedia_addresscountry" displayName="Address Country" parentSchemaName="msmedia_mediavenue" parentDisplayName="Media Venue" solution="MediaEventsVenues (1.0.3.0)" />
        <Dependent key="28" type="26" schemaName="Portal Media Venues" displayName="Portal Media Venues" parentSchemaName="msmedia_mediavenue" parentDisplayName="Media Venue" id="{bef9ec1d-04c6-ea11-a812-000d3a33fb78}" />
      </MissingDependency>
      <MissingDependency>
        <Required key="2" type="1" schemaName="msmedia_mediaevent" displayName="Media Event" solution="MediaEventsVenues (1.0.3.0)" />
        <Dependent key="49" type="26" schemaName="Portal Media Events" displayName="Portal Media Events" parentSchemaName="msmedia_mediaevent" parentDisplayName="Media Event" id="{31e5596c-55aa-ea11-a812-000d3a33fb78}" />
      </MissingDependency>
      <MissingDependency>
        <Required key="0" type="1" schemaName="msmedia_mediavenue" displayName="Media Venue" solution="MediaEventsVenues (1.0.3.0)" />
        <Dependent key="49" type="26" schemaName="Portal Media Events" displayName="Portal Media Events" parentSchemaName="msmedia_mediaevent" parentDisplayName="Media Event" id="{31e5596c-55aa-ea11-a812-000d3a33fb78}" />
      </MissingDependency>
      <MissingDependency>
        <Required key="18" type="2" schemaName="msmedia_startdate" displayName="Start Date" parentSchemaName="msmedia_mediaevent" parentDisplayName="Media Event" solution="MediaEventsVenues (1.0.3.0)" />
        <Dependent key="49" type="26" schemaName="Portal Media Events" displayName="Portal Media Events" parentSchemaName="msmedia_mediaevent" parentDisplayName="Media Event" id="{31e5596c-55aa-ea11-a812-000d3a33fb78}" />
      </MissingDependency>
      <MissingDependency>
        <Required key="39" type="2" schemaName="msmedia_wifiavailable" displayName="Wifi Available" parentSchemaName="msmedia_mediavenue" parentDisplayName="Media Venue" solution="MediaEventsVenues (1.0.3.0)" />
        <Dependent key="49" type="26" schemaName="Portal Media Events" displayName="Portal Media Events" parentSchemaName="msmedia_mediaevent" parentDisplayName="Media Event" id="{31e5596c-55aa-ea11-a812-000d3a33fb78}" />
      </MissingDependency>
      <MissingDependency>
        <Required key="20" type="2" schemaName="msmedia_duration" displayName="Duration" parentSchemaName="msmedia_mediaevent" parentDisplayName="Media Event" solution="MediaEventsVenues (1.0.3.0)" />
        <Dependent key="49" type="26" schemaName="Portal Media Events" displayName="Portal Media Events" parentSchemaName="msmedia_mediaevent" parentDisplayName="Media Event" id="{31e5596c-55aa-ea11-a812-000d3a33fb78}" />
      </MissingDependency>
      <MissingDependency>
        <Required key="44" type="2" schemaName="msmedia_addressstateorprovince" displayName="Address State or Province" parentSchemaName="msmedia_mediavenue" parentDisplayName="Media Venue" solution="MediaEventsVenues (1.0.3.0)" />
        <Dependent key="49" type="26" schemaName="Portal Media Events" displayName="Portal Media Events" parentSchemaName="msmedia_mediaevent" parentDisplayName="Media Event" id="{31e5596c-55aa-ea11-a812-000d3a33fb78}" />
      </MissingDependency>
      <MissingDependency>
        <Required key="35" type="2" schemaName="msmedia_addressline2" displayName="Address Line 2" parentSchemaName="msmedia_mediavenue" parentDisplayName="Media Venue" solution="MediaEventsVenues (1.0.3.0)" />
        <Dependent key="49" type="26" schemaName="Portal Media Events" displayName="Portal Media Events" parentSchemaName="msmedia_mediaevent" parentDisplayName="Media Event" id="{31e5596c-55aa-ea11-a812-000d3a33fb78}" />
      </MissingDependency>
      <MissingDependency>
        <Required key="13" type="2" schemaName="msmedia_enddate" displayName="End Date" parentSchemaName="msmedia_mediaevent" parentDisplayName="Media Event" solution="MediaEventsVenues (1.0.3.0)" />
        <Dependent key="49" type="26" schemaName="Portal Media Events" displayName="Portal Media Events" parentSchemaName="msmedia_mediaevent" parentDisplayName="Media Event" id="{31e5596c-55aa-ea11-a812-000d3a33fb78}" />
      </MissingDependency>
      <MissingDependency>
        <Required key="19" type="2" schemaName="msmedia_mediaeventid" displayName="Media Event" parentSchemaName="msmedia_mediaevent" parentDisplayName="Media Event" solution="MediaEventsVenues (1.0.3.0)" />
        <Dependent key="49" type="26" schemaName="Portal Media Events" displayName="Portal Media Events" parentSchemaName="msmedia_mediaevent" parentDisplayName="Media Event" id="{31e5596c-55aa-ea11-a812-000d3a33fb78}" />
      </MissingDependency>
      <MissingDependency>
        <Required key="48" type="2" schemaName="msmedia_addresscountry" displayName="Address Country" parentSchemaName="msmedia_mediavenue" parentDisplayName="Media Venue" solution="MediaEventsVenues (1.0.3.0)" />
        <Dependent key="49" type="26" schemaName="Portal Media Events" displayName="Portal Media Events" parentSchemaName="msmedia_mediaevent" parentDisplayName="Media Event" id="{31e5596c-55aa-ea11-a812-000d3a33fb78}" />
      </MissingDependency>
      <MissingDependency>
        <Required key="50" type="2" schemaName="msmedia_contactinfo" displayName="Contact Info" parentSchemaName="msmedia_mediavenue" parentDisplayName="Media Venue" solution="MediaEventsVenues (1.0.3.0)" />
        <Dependent key="49" type="26" schemaName="Portal Media Events" displayName="Portal Media Events" parentSchemaName="msmedia_mediaevent" parentDisplayName="Media Event" id="{31e5596c-55aa-ea11-a812-000d3a33fb78}" />
      </MissingDependency>
      <MissingDependency>
        <Required key="31" type="2" schemaName="msmedia_addressline3" displayName="Address Line 3" parentSchemaName="msmedia_mediavenue" parentDisplayName="Media Venue" solution="MediaEventsVenues (1.0.3.0)" />
        <Dependent key="49" type="26" schemaName="Portal Media Events" displayName="Portal Media Events" parentSchemaName="msmedia_mediaevent" parentDisplayName="Media Event" id="{31e5596c-55aa-ea11-a812-000d3a33fb78}" />
      </MissingDependency>
      <MissingDependency>
        <Required key="22" type="2" schemaName="msmedia_name" displayName="Name" parentSchemaName="msmedia_mediaevent" parentDisplayName="Media Event" solution="MediaEventsVenues (1.0.3.0)" />
        <Dependent key="49" type="26" schemaName="Portal Media Events" displayName="Portal Media Events" parentSchemaName="msmedia_mediaevent" parentDisplayName="Media Event" id="{31e5596c-55aa-ea11-a812-000d3a33fb78}" />
      </MissingDependency>
      <MissingDependency>
        <Required key="27" type="2" schemaName="msmedia_issoldout" displayName="Is Sold Out" parentSchemaName="msmedia_mediaevent" parentDisplayName="Media Event" solution="MediaEventsVenues (1.0.3.0)" />
        <Dependent key="49" type="26" schemaName="Portal Media Events" displayName="Portal Media Events" parentSchemaName="msmedia_mediaevent" parentDisplayName="Media Event" id="{31e5596c-55aa-ea11-a812-000d3a33fb78}" />
      </MissingDependency>
      <MissingDependency>
        <Required key="36" type="2" schemaName="msmedia_wifipublicpassword" displayName="Wifi Public Password" parentSchemaName="msmedia_mediavenue" parentDisplayName="Media Venue" solution="MediaEventsVenues (1.0.3.0)" />
        <Dependent key="49" type="26" schemaName="Portal Media Events" displayName="Portal Media Events" parentSchemaName="msmedia_mediaevent" parentDisplayName="Media Event" id="{31e5596c-55aa-ea11-a812-000d3a33fb78}" />
      </MissingDependency>
      <MissingDependency>
        <Required key="40" type="2" schemaName="msmedia_capacity" displayName="Capacity" parentSchemaName="msmedia_mediavenue" parentDisplayName="Media Venue" solution="MediaEventsVenues (1.0.3.0)" />
        <Dependent key="49" type="26" schemaName="Portal Media Events" displayName="Portal Media Events" parentSchemaName="msmedia_mediaevent" parentDisplayName="Media Event" id="{31e5596c-55aa-ea11-a812-000d3a33fb78}" />
      </MissingDependency>
      <MissingDependency>
        <Required key="29" type="2" schemaName="msmedia_addresscity" displayName="Address City" parentSchemaName="msmedia_mediavenue" parentDisplayName="Media Venue" solution="MediaEventsVenues (1.0.3.0)" />
        <Dependent key="49" type="26" schemaName="Portal Media Events" displayName="Portal Media Events" parentSchemaName="msmedia_mediaevent" parentDisplayName="Media Event" id="{31e5596c-55aa-ea11-a812-000d3a33fb78}" />
      </MissingDependency>
      <MissingDependency>
        <Required key="34" type="2" schemaName="msmedia_addresspostalcode" displayName="Address Postal Code" parentSchemaName="msmedia_mediavenue" parentDisplayName="Media Venue" solution="MediaEventsVenues (1.0.3.0)" />
        <Dependent key="49" type="26" schemaName="Portal Media Events" displayName="Portal Media Events" parentSchemaName="msmedia_mediaevent" parentDisplayName="Media Event" id="{31e5596c-55aa-ea11-a812-000d3a33fb78}" />
      </MissingDependency>
      <MissingDependency>
        <Required key="37" type="2" schemaName="msmedia_venuetype" displayName="Venue Type" parentSchemaName="msmedia_mediavenue" parentDisplayName="Media Venue" solution="MediaEventsVenues (1.0.3.0)" />
        <Dependent key="49" type="26" schemaName="Portal Media Events" displayName="Portal Media Events" parentSchemaName="msmedia_mediaevent" parentDisplayName="Media Event" id="{31e5596c-55aa-ea11-a812-000d3a33fb78}" />
      </MissingDependency>
      <MissingDependency>
        <Required key="46" type="2" schemaName="msmedia_mediavenueid" displayName="Media Venue" parentSchemaName="msmedia_mediavenue" parentDisplayName="Media Venue" solution="MediaEventsVenues (1.0.3.0)" />
        <Dependent key="49" type="26" schemaName="Portal Media Events" displayName="Portal Media Events" parentSchemaName="msmedia_mediaevent" parentDisplayName="Media Event" id="{31e5596c-55aa-ea11-a812-000d3a33fb78}" />
      </MissingDependency>
      <MissingDependency>
        <Required key="33" type="2" schemaName="msmedia_latitude" displayName="Latitude" parentSchemaName="msmedia_mediavenue" parentDisplayName="Media Venue" solution="MediaEventsVenues (1.0.3.0)" />
        <Dependent key="49" type="26" schemaName="Portal Media Events" displayName="Portal Media Events" parentSchemaName="msmedia_mediaevent" parentDisplayName="Media Event" id="{31e5596c-55aa-ea11-a812-000d3a33fb78}" />
      </MissingDependency>
      <MissingDependency>
        <Required key="5" type="2" schemaName="msmedia_eventtype" displayName="Event Type" parentSchemaName="msmedia_mediaevent" parentDisplayName="Media Event" solution="MediaEventsVenues (1.0.3.0)" />
        <Dependent key="49" type="26" schemaName="Portal Media Events" displayName="Portal Media Events" parentSchemaName="msmedia_mediaevent" parentDisplayName="Media Event" id="{31e5596c-55aa-ea11-a812-000d3a33fb78}" />
      </MissingDependency>
      <MissingDependency>
        <Required key="25" type="2" schemaName="msmedia_primaryvenue" displayName="Primary Venue" parentSchemaName="msmedia_mediaevent" parentDisplayName="Media Event" solution="MediaEventsVenues (1.0.3.0)" />
        <Dependent key="49" type="26" schemaName="Portal Media Events" displayName="Portal Media Events" parentSchemaName="msmedia_mediaevent" parentDisplayName="Media Event" id="{31e5596c-55aa-ea11-a812-000d3a33fb78}" />
      </MissingDependency>
      <MissingDependency>
        <Required key="30" type="2" schemaName="msmedia_wifissid" displayName="Wifi SSID" parentSchemaName="msmedia_mediavenue" parentDisplayName="Media Venue" solution="MediaEventsVenues (1.0.3.0)" />
        <Dependent key="49" type="26" schemaName="Portal Media Events" displayName="Portal Media Events" parentSchemaName="msmedia_mediaevent" parentDisplayName="Media Event" id="{31e5596c-55aa-ea11-a812-000d3a33fb78}" />
      </MissingDependency>
      <MissingDependency>
        <Required key="45" type="2" schemaName="msmedia_addressline1" displayName="Address Line 1" parentSchemaName="msmedia_mediavenue" parentDisplayName="Media Venue" solution="MediaEventsVenues (1.0.3.0)" />
        <Dependent key="49" type="26" schemaName="Portal Media Events" displayName="Portal Media Events" parentSchemaName="msmedia_mediaevent" parentDisplayName="Media Event" id="{31e5596c-55aa-ea11-a812-000d3a33fb78}" />
      </MissingDependency>
      <MissingDependency>
        <Required key="41" type="2" schemaName="msmedia_longitude" displayName="Longitude" parentSchemaName="msmedia_mediavenue" parentDisplayName="Media Venue" solution="MediaEventsVenues (1.0.3.0)" />
        <Dependent key="49" type="26" schemaName="Portal Media Events" displayName="Portal Media Events" parentSchemaName="msmedia_mediaevent" parentDisplayName="Media Event" id="{31e5596c-55aa-ea11-a812-000d3a33fb78}" />
      </MissingDependency>
      <MissingDependency>
        <Required key="1" type="1" schemaName="msmedia_guest" displayName="Guest" solution="MediaCommon (1.0.3.0)" />
        <Dependent key="51" type="26" schemaName="All Active Guests" displayName="All Active Guests" parentSchemaName="msmedia_guest" parentDisplayName="Guest" id="{b639051b-79b8-ea11-a812-000d3a33f58e}" />
      </MissingDependency>
      <MissingDependency>
        <Required key="52" type="2" schemaName="msmedia_state" displayName="State" parentSchemaName="msmedia_guest" parentDisplayName="Guest" solution="MediaCommon (1.0.3.0)" />
        <Dependent key="51" type="26" schemaName="All Active Guests" displayName="All Active Guests" parentSchemaName="msmedia_guest" parentDisplayName="Guest" id="{b639051b-79b8-ea11-a812-000d3a33f58e}" />
      </MissingDependency>
      <MissingDependency>
        <Required key="53" type="2" schemaName="modifiedon" displayName="Modified On" parentSchemaName="msmedia_guest" parentDisplayName="Guest" solution="MediaCommon (1.0.3.0)" />
        <Dependent key="51" type="26" schemaName="All Active Guests" displayName="All Active Guests" parentSchemaName="msmedia_guest" parentDisplayName="Guest" id="{b639051b-79b8-ea11-a812-000d3a33f58e}" />
      </MissingDependency>
      <MissingDependency>
        <Required key="54" type="2" schemaName="msmedia_lastregisteredevent" displayName="Last Registered Event" parentSchemaName="msmedia_guest" parentDisplayName="Guest" solution="MediaEventsVenues (1.0.3.0)" />
        <Dependent key="51" type="26" schemaName="All Active Guests" displayName="All Active Guests" parentSchemaName="msmedia_guest" parentDisplayName="Guest" id="{b639051b-79b8-ea11-a812-000d3a33f58e}" />
      </MissingDependency>
      <MissingDependency>
        <Required key="55" type="2" schemaName="msmedia_contact" displayName="Contact" parentSchemaName="msmedia_guest" parentDisplayName="Guest" solution="MediaCommon (1.0.3.0)" />
        <Dependent key="51" type="26" schemaName="All Active Guests" displayName="All Active Guests" parentSchemaName="msmedia_guest" parentDisplayName="Guest" id="{b639051b-79b8-ea11-a812-000d3a33f58e}" />
      </MissingDependency>
      <MissingDependency>
        <Required key="56" type="2" schemaName="msmedia_city" displayName="City" parentSchemaName="msmedia_guest" parentDisplayName="Guest" solution="MediaCommon (1.0.3.0)" />
        <Dependent key="51" type="26" schemaName="All Active Guests" displayName="All Active Guests" parentSchemaName="msmedia_guest" parentDisplayName="Guest" id="{b639051b-79b8-ea11-a812-000d3a33f58e}" />
      </MissingDependency>
      <MissingDependency>
        <Required key="57" type="2" schemaName="msmedia_company_name" displayName="Company Name" parentSchemaName="msmedia_guest" parentDisplayName="Guest" solution="MediaCommon (1.0.3.0)" />
        <Dependent key="51" type="26" schemaName="All Active Guests" displayName="All Active Guests" parentSchemaName="msmedia_guest" parentDisplayName="Guest" id="{b639051b-79b8-ea11-a812-000d3a33f58e}" />
      </MissingDependency>
      <MissingDependency>
        <Required key="58" type="2" schemaName="msmedia_jobtitle" displayName="Job Title" parentSchemaName="msmedia_guest" parentDisplayName="Guest" solution="MediaCommon (1.0.3.0)" />
        <Dependent key="51" type="26" schemaName="All Active Guests" displayName="All Active Guests" parentSchemaName="msmedia_guest" parentDisplayName="Guest" id="{b639051b-79b8-ea11-a812-000d3a33f58e}" />
      </MissingDependency>
      <MissingDependency>
        <Required key="59" type="2" schemaName="msmedia_oktosendemail" displayName="OK to Send Email" parentSchemaName="msmedia_guest" parentDisplayName="Guest" solution="MediaCommon (1.0.3.0)" />
        <Dependent key="51" type="26" schemaName="All Active Guests" displayName="All Active Guests" parentSchemaName="msmedia_guest" parentDisplayName="Guest" id="{b639051b-79b8-ea11-a812-000d3a33f58e}" />
      </MissingDependency>
      <MissingDependency>
        <Required key="60" type="2" schemaName="msmedia_emailaddress" displayName="Email Address" parentSchemaName="msmedia_guest" parentDisplayName="Guest" solution="MediaCommon (1.0.3.0)" />
        <Dependent key="51" type="26" schemaName="All Active Guests" displayName="All Active Guests" parentSchemaName="msmedia_guest" parentDisplayName="Guest" id="{b639051b-79b8-ea11-a812-000d3a33f58e}" />
      </MissingDependency>
      <MissingDependency>
        <Required key="61" type="2" schemaName="msmedia_origin" displayName="Origin" parentSchemaName="msmedia_guest" parentDisplayName="Guest" solution="MediaCommon (1.0.3.0)" />
        <Dependent key="51" type="26" schemaName="All Active Guests" displayName="All Active Guests" parentSchemaName="msmedia_guest" parentDisplayName="Guest" id="{b639051b-79b8-ea11-a812-000d3a33f58e}" />
      </MissingDependency>
      <MissingDependency>
        <Required key="62" type="2" schemaName="createdon" displayName="Created On" parentSchemaName="msmedia_guest" parentDisplayName="Guest" solution="MediaCommon (1.0.3.0)" />
        <Dependent key="51" type="26" schemaName="All Active Guests" displayName="All Active Guests" parentSchemaName="msmedia_guest" parentDisplayName="Guest" id="{b639051b-79b8-ea11-a812-000d3a33f58e}" />
      </MissingDependency>
      <MissingDependency>
        <Required key="63" type="2" schemaName="msmedia_lastname" displayName="Last Name" parentSchemaName="msmedia_guest" parentDisplayName="Guest" solution="MediaCommon (1.0.3.0)" />
        <Dependent key="51" type="26" schemaName="All Active Guests" displayName="All Active Guests" parentSchemaName="msmedia_guest" parentDisplayName="Guest" id="{b639051b-79b8-ea11-a812-000d3a33f58e}" />
      </MissingDependency>
      <MissingDependency>
        <Required key="64" type="2" schemaName="msmedia_oktomail" displayName="OK to Mail" parentSchemaName="msmedia_guest" parentDisplayName="Guest" solution="MediaCommon (1.0.3.0)" />
        <Dependent key="51" type="26" schemaName="All Active Guests" displayName="All Active Guests" parentSchemaName="msmedia_guest" parentDisplayName="Guest" id="{b639051b-79b8-ea11-a812-000d3a33f58e}" />
      </MissingDependency>
      <MissingDependency>
        <Required key="65" type="2" schemaName="msmedia_name" displayName="Name" parentSchemaName="msmedia_guest" parentDisplayName="Guest" solution="MediaCommon (1.0.3.0)" />
        <Dependent key="51" type="26" schemaName="All Active Guests" displayName="All Active Guests" parentSchemaName="msmedia_guest" parentDisplayName="Guest" id="{b639051b-79b8-ea11-a812-000d3a33f58e}" />
      </MissingDependency>
      <MissingDependency>
        <Required key="66" type="2" schemaName="msmedia_oktofax" displayName="OK to Fax" parentSchemaName="msmedia_guest" parentDisplayName="Guest" solution="MediaCommon (1.0.3.0)" />
        <Dependent key="51" type="26" schemaName="All Active Guests" displayName="All Active Guests" parentSchemaName="msmedia_guest" parentDisplayName="Guest" id="{b639051b-79b8-ea11-a812-000d3a33f58e}" />
      </MissingDependency>
      <MissingDependency>
        <Required key="67" type="2" schemaName="msmedia_firstname" displayName="First Name" parentSchemaName="msmedia_guest" parentDisplayName="Guest" solution="MediaCommon (1.0.3.0)" />
        <Dependent key="51" type="26" schemaName="All Active Guests" displayName="All Active Guests" parentSchemaName="msmedia_guest" parentDisplayName="Guest" id="{b639051b-79b8-ea11-a812-000d3a33f58e}" />
      </MissingDependency>
      <MissingDependency>
        <Required key="68" type="2" schemaName="msmedia_displayname" displayName="Display Name" parentSchemaName="msmedia_guest" parentDisplayName="Guest" solution="MediaCommon (1.0.3.0)" />
        <Dependent key="51" type="26" schemaName="All Active Guests" displayName="All Active Guests" parentSchemaName="msmedia_guest" parentDisplayName="Guest" id="{b639051b-79b8-ea11-a812-000d3a33f58e}" />
      </MissingDependency>
      <MissingDependency>
        <Required key="69" type="2" schemaName="msmedia_birthdate" displayName="Birth Date" parentSchemaName="msmedia_guest" parentDisplayName="Guest" solution="MediaCommon (1.0.3.0)" />
        <Dependent key="51" type="26" schemaName="All Active Guests" displayName="All Active Guests" parentSchemaName="msmedia_guest" parentDisplayName="Guest" id="{b639051b-79b8-ea11-a812-000d3a33f58e}" />
      </MissingDependency>
      <MissingDependency>
        <Required key="70" type="2" schemaName="msmedia_oktocall" displayName="OK to Call" parentSchemaName="msmedia_guest" parentDisplayName="Guest" solution="MediaCommon (1.0.3.0)" />
        <Dependent key="51" type="26" schemaName="All Active Guests" displayName="All Active Guests" parentSchemaName="msmedia_guest" parentDisplayName="Guest" id="{b639051b-79b8-ea11-a812-000d3a33f58e}" />
      </MissingDependency>
      <MissingDependency>
        <Required key="71" type="2" schemaName="msmedia_country" displayName="Country" parentSchemaName="msmedia_guest" parentDisplayName="Guest" solution="MediaCommon (1.0.3.0)" />
        <Dependent key="51" type="26" schemaName="All Active Guests" displayName="All Active Guests" parentSchemaName="msmedia_guest" parentDisplayName="Guest" id="{b639051b-79b8-ea11-a812-000d3a33f58e}" />
      </MissingDependency>
      <MissingDependency>
        <Required key="72" type="2" schemaName="msmedia_pronoun" displayName="Pronoun" parentSchemaName="msmedia_guest" parentDisplayName="Guest" solution="MediaCommon (1.0.3.0)" />
        <Dependent key="51" type="26" schemaName="All Active Guests" displayName="All Active Guests" parentSchemaName="msmedia_guest" parentDisplayName="Guest" id="{b639051b-79b8-ea11-a812-000d3a33f58e}" />
      </MissingDependency>
      <MissingDependency>
        <Required key="73" type="2" schemaName="msmedia_telephone" displayName="Telephone " parentSchemaName="msmedia_guest" parentDisplayName="Guest" solution="MediaCommon (1.0.3.0)" />
        <Dependent key="51" type="26" schemaName="All Active Guests" displayName="All Active Guests" parentSchemaName="msmedia_guest" parentDisplayName="Guest" id="{b639051b-79b8-ea11-a812-000d3a33f58e}" />
      </MissingDependency>
      <MissingDependency>
        <Required key="74" type="2" schemaName="msmedia_genderidentity" displayName="Gender Identity" parentSchemaName="msmedia_guest" parentDisplayName="Guest" solution="MediaCommon (1.0.3.0)" />
        <Dependent key="51" type="26" schemaName="All Active Guests" displayName="All Active Guests" parentSchemaName="msmedia_guest" parentDisplayName="Guest" id="{b639051b-79b8-ea11-a812-000d3a33f58e}" />
      </MissingDependency>
      <MissingDependency>
        <Required key="75" type="2" schemaName="msmedia_specialrequirements" displayName="Special Requirements" parentSchemaName="msmedia_guest" parentDisplayName="Guest" solution="MediaCommon (1.0.3.0)" />
        <Dependent key="51" type="26" schemaName="All Active Guests" displayName="All Active Guests" parentSchemaName="msmedia_guest" parentDisplayName="Guest" id="{b639051b-79b8-ea11-a812-000d3a33f58e}" />
      </MissingDependency>
      <MissingDependency>
        <Required key="76" type="2" schemaName="msmedia_guestid" displayName="Guest" parentSchemaName="msmedia_guest" parentDisplayName="Guest" solution="MediaCommon (1.0.3.0)" />
        <Dependent key="51" type="26" schemaName="All Active Guests" displayName="All Active Guests" parentSchemaName="msmedia_guest" parentDisplayName="Guest" id="{b639051b-79b8-ea11-a812-000d3a33f58e}" />
      </MissingDependency>
      <MissingDependency>
        <Required key="1" type="1" schemaName="msmedia_guest" displayName="Guest" solution="MediaCommon (1.0.3.0)" />
        <Dependent key="77" type="29" displayName="FL -&gt; Guests -&gt; Insert Data to Guests" id="{3c11299f-7cc2-ea11-a812-000d3a33f58e}" />
      </MissingDependency>
    </MissingDependencies>
  </SolutionManifest>
</ImportExportXml>