{"properties":{"connectionReferences":{"shared_commondataserviceforapps":{"runtimeSource":"embedded","connection":{"connectionReferenceLogicalName":"msmedia_sharedcommondataserviceforapps_e6ba4"},"api":{"name":"shared_commondataserviceforapps"}}},"definition":{"$schema":"https://schema.management.azure.com/providers/Microsoft.Logic/schemas/2016-06-01/workflowdefinition.json#","contentVersion":"1.0.0.0","parameters":{"$connections":{"defaultValue":{},"type":"Object"},"$authentication":{"defaultValue":{},"type":"SecureObject"}},"triggers":{"When_a_record_is_created":{"type":"OpenApiConnectionWebhook","inputs":{"host":{"connectionName":"shared_commondataserviceforapps","operationId":"SubscribeWebhookTrigger","apiId":"/providers/Microsoft.PowerApps/apis/shared_commondataserviceforapps"},"parameters":{"subscriptionRequest/message":1,"subscriptionRequest/entityname":"msmedia_guest","subscriptionRequest/scope":4},"authentication":"@parameters('$authentication')"}}},"actions":{"Insert_Data_to_Media_Registration_entity":{"runAfter":{},"type":"OpenApiConnection","inputs":{"host":{"connectionName":"shared_commondataserviceforapps","operationId":"CreateRecord","apiId":"/providers/Microsoft.PowerApps/apis/shared_commondataserviceforapps"},"parameters":{"entityName":"msmedia_mediaregistrations","item/msmedia_Contact@odata.bind":"/contacts(@{triggerOutputs()?['body/_msmedia_contact_value']})","item/msmedia_registrationstatus":766860003,"item/msmedia_Guest@odata.bind":"/msmedia_guests(@{triggerOutputs()?['body/msmedia_guestid']})","item/msmedia_isanonymous":false,"item/msmedia_lastupdatedon":"@utcNow()","item/msmedia_MediaEvent@odata.bind":"/msmedia_mediaevents(@{triggerOutputs()?['body/_msmedia_lastregisteredevent_value']})","item/msmedia_registeredon":"@utcNow()","item/msmedia_ticketssent":false},"authentication":"@parameters('$authentication')"}}},"outputs":{}}},"schemaVersion":"1.0.0.0"}